Date,dayofweek,tempmax,tempmin,temp,feelslike,cloudcover,dew,humidity,solarenergy,sunrise,sunset,Max Demand Met (MW),Energy Met (MU)
01-01-2022,5,19.5,6.3,11.9,11.9,9.7,8.3,80.7,14.3,2022-01-01T07:14:02,2022-01-01T17:35:18,4470,70.5
02-01-2022,6,19.7,7.5,12.7,12.7,15.4,9,80.9,13.7,2022-01-02T07:14:16,2022-01-02T17:36:00,4034,66.3
03-01-2022,0,20.6,7.5,13.8,13.8,26.3,9,76.1,14.3,2022-01-03T07:14:30,2022-01-03T17:36:43,4467,71.8
04-01-2022,1,22.5,9.8,15.8,15.8,73.8,9.2,71.1,13,2022-01-04T07:14:42,2022-01-04T17:37:27,4441,70
05-01-2022,2,15,12.2,13.7,13.7,96.1,12.3,91.8,2.1,2022-01-05T07:14:52,2022-01-05T17:38:11,4322,73.4
06-01-2022,3,20,12,15.2,15.2,79.6,13.2,88.8,8.1,2022-01-06T07:15:00,2022-01-06T17:38:56,4269,71.2
07-01-2022,4,18.9,14,16.2,16.2,85.5,14.5,90.2,7.1,2022-01-07T07:15:08,2022-01-07T17:39:41,4559,72
08-01-2022,5,16.5,15,15.8,15.8,99.7,15.3,96.9,3.2,2022-01-08T07:15:13,2022-01-08T17:40:27,3345,58
09-01-2022,6,16,12,13.8,13.8,98.5,13.3,97.2,6.3,2022-01-09T07:15:17,2022-01-09T17:41:14,3760,59.9
10-01-2022,0,16.9,9.9,12.5,12.5,55.8,11.2,92.3,11.3,2022-01-10T07:15:19,2022-01-10T17:42:01,4573,72.4
11-01-2022,1,16.9,8,11.4,11.4,37.2,9.9,91.5,12,2022-01-11T07:15:20,2022-01-11T17:42:49,4505,73.6
12-01-2022,2,17,8,11.5,11.5,43.3,9.5,88.6,12.9,2022-01-12T07:15:19,2022-01-12T17:43:37,4615,73.1
13-01-2022,3,16.3,7.4,11.4,11.4,29.4,9.9,91.2,13,2022-01-13T07:15:17,2022-01-13T17:44:26,4577,75.3
14-01-2022,4,14.8,7.2,10.5,10.5,41.8,9.7,94.6,12.4,2022-01-14T07:15:13,2022-01-14T17:45:15,5087,79.5
15-01-2022,5,13.5,8.2,10,10,60.5,9.1,93.9,13.7,2022-01-15T07:15:07,2022-01-15T17:46:04,4045,66.9
16-01-2022,6,15,8,10.7,10.7,54.3,8.5,87.5,13.6,2022-01-16T07:15:00,2022-01-16T17:46:54,4125,66.4
17-01-2022,0,16,9,11.2,11.2,42.1,9.3,88.5,11,2022-01-17T07:14:51,2022-01-17T17:47:44,4823,78
18-01-2022,1,14.6,9,10.6,10.6,35.4,9.3,92.2,13.7,2022-01-18T07:14:40,2022-01-18T17:48:33,4898,79.8
19-01-2022,2,17,8,11.9,11.9,52.9,10.1,89.4,12.6,2022-01-19T07:14:28,2022-01-19T17:49:24,4950,79.6
20-01-2022,3,18.1,10,12.7,12.7,56,11.3,92.4,12.3,2022-01-20T07:14:14,2022-01-20T17:50:14,4788,77.7
21-01-2022,4,19,9.9,13.4,13.4,35.5,11.7,90.4,13.6,2022-01-21T07:13:59,2022-01-21T17:51:04,5040,79.1
22-01-2022,5,15,11,13,13,97.6,12.1,94.3,5,2022-01-22T07:13:42,2022-01-22T17:51:55,3912,67.6
23-01-2022,6,15,10.4,12.6,12.6,89.4,11.7,94.4,8.2,2022-01-23T07:13:24,2022-01-23T17:52:45,4151,67
24-01-2022,0,15,9,11.7,11.7,74.9,10.6,93.5,13.6,2022-01-24T07:13:03,2022-01-24T17:53:36,4828,78.1
25-01-2022,1,13.4,8,10,10,70.5,9.1,94.5,14.2,2022-01-25T07:12:42,2022-01-25T17:54:26,4918,80.7
26-01-2022,2,15.8,7.1,11.2,11.2,52.7,9.9,92.5,13,2022-01-26T07:12:19,2022-01-26T17:55:16,4187,69.2
27-01-2022,3,18,7.6,12.2,12.2,25.8,9.3,83.9,14.7,2022-01-27T07:11:54,2022-01-27T17:56:07,4708,75.8
28-01-2022,4,19.5,7,12.7,12.7,20,7.6,76,15,2022-01-28T07:11:28,2022-01-28T17:56:57,4997,78.4
29-01-2022,5,21.3,7.1,13.7,13.7,0.4,8,73.8,14.9,2022-01-29T07:11:00,2022-01-29T17:57:47,4330,71.8
30-01-2022,6,21.2,9,14.6,14.6,3.2,10.2,78.2,15,2022-01-30T07:10:31,2022-01-30T17:58:36,4341,68.6
31-01-2022,0,22.9,8.3,14.5,14.5,0.8,10.2,78.9,15.1,2022-01-31T07:10:01,2022-01-31T17:59:26,4489,71.6
01-02-2022,1,19.9,8.6,13.4,13.4,4.2,11.5,89.2,14.9,2022-02-01T07:09:29,2022-02-01T18:00:15,4572,73.5
02-02-2022,2,21,10,14.7,14.7,30.9,11.2,83.2,15.2,2022-02-02T07:08:56,2022-02-02T18:01:04,4648,73.4
03-02-2022,3,14.1,11,13,13,91.9,11.2,89,9,2022-02-03T07:08:21,2022-02-03T18:01:53,4520,76.1
04-02-2022,4,17.6,10,13.1,13.1,82.1,10.9,87.3,11.5,2022-02-04T07:07:45,2022-02-04T18:02:42,4796,77.4
05-02-2022,5,19.6,8,12.5,12.5,45.6,9.2,82.4,15.7,2022-02-05T07:07:07,2022-02-05T18:03:30,4626,72.7
06-02-2022,6,22.8,6.4,14.1,14.1,0.7,7.8,72,15.9,2022-02-06T07:06:28,2022-02-06T18:04:18,4236,67.5
07-02-2022,0,25.6,10.4,17.4,17.4,29.3,11.6,72.1,15.7,2022-02-07T07:05:48,2022-02-07T18:05:06,4361,69.2
08-02-2022,1,25.6,12.2,18.5,18.5,50.4,13.9,77.3,15.2,2022-02-08T07:05:07,2022-02-08T18:05:53,4116,69.6
09-02-2022,2,21.5,13,16.5,16.5,72.3,13.6,84.6,13.1,2022-02-09T07:04:24,2022-02-09T18:06:40,4196,69
10-02-2022,3,22.6,10.4,15.7,15.7,31.9,10.4,74.5,15.9,2022-02-10T07:03:41,2022-02-10T18:07:26,4117,67.8
11-02-2022,4,21.8,9.2,15.5,15.5,14.4,8.9,69.7,17,2022-02-11T07:02:56,2022-02-11T18:08:13,4321,69.3
12-02-2022,5,22.8,9.8,16,16,0.7,8.6,66.7,17.2,2022-02-12T07:02:09,2022-02-12T18:08:58,3930,64.1
13-02-2022,6,27.3,8.5,17.4,17.4,0,9.3,65.5,17,2022-02-13T07:01:22,2022-02-13T18:09:44,3851,61.5
14-02-2022,0,26.6,9.4,17.9,17.9,0,9.5,64.6,16.9,2022-02-14T07:00:34,2022-02-14T18:10:29,3939,65.1
15-02-2022,1,25.8,10.5,18.8,18.8,2.2,9.3,58.3,16.9,2022-02-15T06:59:44,2022-02-15T18:11:13,3917,65.4
16-02-2022,2,25.3,10.5,18.1,18.1,0,11.2,68.5,17,2022-02-16T06:58:53,2022-02-16T18:11:58,3985,64.3
17-02-2022,3,26.6,12.1,18.4,18.4,0,10.3,66.4,17.3,2022-02-17T06:58:02,2022-02-17T18:12:41,3819,64.3
18-02-2022,4,27.8,10.5,19.1,19.1,13.6,9.5,61.6,17.4,2022-02-18T06:57:09,2022-02-18T18:13:25,3959,65.6
19-02-2022,5,25,12.2,18.8,18.8,13.6,10.5,64,17.5,2022-02-19T06:56:15,2022-02-19T18:14:08,3560,61
20-02-2022,6,23.8,12,17.9,17.9,0.4,11.5,69.4,17.7,2022-02-20T06:55:21,2022-02-20T18:14:50,3649,59.4
21-02-2022,0,25.8,10.4,18,18,0.9,7.4,57.4,18.2,2022-02-21T06:54:25,2022-02-21T18:15:33,3705,61.4
22-02-2022,1,25.9,10.9,19.1,19.1,28.5,10.1,58.6,17.6,2022-02-22T06:53:29,2022-02-22T18:16:14,3756,63.2
23-02-2022,2,23.8,15,19.2,19.2,39.5,15.1,78.2,15.8,2022-02-23T06:52:32,2022-02-23T18:16:56,3871,65.1
24-02-2022,3,25.8,13.5,19.6,19.6,30.4,13.5,72,14.7,2022-02-24T06:51:33,2022-02-24T18:17:37,3759,64.4
25-02-2022,4,27,13.4,20.1,20.1,38.5,13.9,71.7,17.6,2022-02-25T06:50:34,2022-02-25T18:18:17,3858,65.5
26-02-2022,5,23.6,15.1,18.4,18.4,73,12.6,70.8,17.8,2022-02-26T06:49:35,2022-02-26T18:18:58,3545,61.8
27-02-2022,6,25.4,14,18.8,18.8,43.2,11.1,66.9,18.5,2022-02-27T06:48:34,2022-02-27T18:19:37,3577,59
28-02-2022,0,24.8,12,18.1,18.1,20.9,9.6,62.7,18.9,2022-02-28T06:47:33,2022-02-28T18:20:17,3667,63.1
01-03-2022,1,25,11.2,18.3,18.3,16.9,11.6,68.6,18.8,2022-03-01T06:46:31,2022-03-01T18:20:56,3946,61
02-03-2022,2,26.8,12.4,19.4,19.4,10.1,12.5,68.7,18.8,2022-03-02T06:45:29,2022-03-02T18:21:35,3624,63.2
03-03-2022,3,28.8,15.6,21.8,21.8,51.9,13.5,63.7,18,2022-03-03T06:44:26,2022-03-03T18:22:13,3655,64.9
04-03-2022,4,25,16,20.4,20.4,25.7,15,73.3,18.8,2022-03-04T06:43:22,2022-03-04T18:22:51,3796,65.3
05-03-2022,5,25.6,13,19.5,19.5,5.3,13.5,71.6,19.4,2022-03-05T06:42:17,2022-03-05T18:23:29,3428,60.4
06-03-2022,6,27.1,14.8,20.3,20.3,59.4,13.9,70,16.2,2022-03-06T06:41:13,2022-03-06T18:24:06,3532,59.9
07-03-2022,0,29,16,22.1,22.1,64.2,13.8,63.8,20,2022-03-07T06:40:07,2022-03-07T18:24:43,3673,63.9
08-03-2022,1,29.9,17,22.5,22.5,30.3,13.8,62.9,18,2022-03-08T06:39:01,2022-03-08T18:25:20,3574,65.6
09-03-2022,2,30.6,16,23.1,23.1,40.6,11.6,56.2,19.6,2022-03-09T06:37:55,2022-03-09T18:25:57,3589,63.3
10-03-2022,3,29,17,22.9,22.9,29,12.9,57,19.1,2022-03-10T06:36:48,2022-03-10T18:26:33,3594,65.8
11-03-2022,4,29,16.7,22.7,22.7,0,14.7,65.2,19.8,2022-03-11T06:35:41,2022-03-11T18:27:09,3660,67
12-03-2022,5,30.6,16,23.1,23.1,10.1,13.6,58.9,20.6,2022-03-12T06:34:34,2022-03-12T18:27:44,3394,63.8
13-03-2022,6,31.6,17.7,24.5,24.5,9.2,15.7,61.9,19.9,2022-03-13T06:33:26,2022-03-13T18:28:20,3354,62.4
14-03-2022,0,32.6,18.5,25.6,25.6,0,18.3,68.1,20.2,2022-03-14T06:32:18,2022-03-14T18:28:55,3572,69
15-03-2022,1,34,20.2,26.9,26.9,5.9,19.8,69.5,20.1,2022-03-15T06:31:09,2022-03-15T18:29:30,3701,72.1
16-03-2022,2,34.3,21,27.6,27.6,8.6,19.4,65.1,20.5,2022-03-16T06:30:00,2022-03-16T18:30:05,3850,73.9
17-03-2022,3,34.5,21.3,27.7,27.7,7.2,20,66.2,20.7,2022-03-17T06:28:51,2022-03-17T18:30:40,3797,73.6
18-03-2022,4,34.5,22.9,28.2,28.2,17.2,21.8,70.7,20.7,2022-03-18T06:27:42,2022-03-18T18:31:14,2865,61.3
19-03-2022,5,36.2,21,28.5,28.5,0.3,19.9,64.3,20.8,2022-03-19T06:26:33,2022-03-19T18:31:48,3387,70
20-03-2022,6,37.1,23.5,29.6,29.6,24.1,15.2,49.7,20.9,2022-03-20T06:25:24,2022-03-20T18:32:23,3498,74.2
21-03-2022,0,36.1,22.1,28.8,28.8,17.9,17.4,54,21.4,2022-03-21T06:24:14,2022-03-21T18:32:57,4041,83.8
22-03-2022,1,34.2,22,28.3,28.3,0,15.8,51.2,21.5,2022-03-22T06:23:04,2022-03-22T18:33:30,3954,83.8
23-03-2022,2,35,20.3,27.8,27.8,18.8,15,50.1,23.2,2022-03-23T06:21:55,2022-03-23T18:34:04,3977,83.9
24-03-2022,3,34.8,21,28,28,6.9,12.2,42,23,2022-03-24T06:20:45,2022-03-24T18:34:38,4004,83.6
25-03-2022,4,34.5,20.6,27.6,27.6,0,14.7,51.5,23.3,2022-03-25T06:19:35,2022-03-25T18:35:12,4004,85
26-03-2022,5,37.7,20,27.1,27.1,0,11.5,44.2,23.7,2022-03-26T06:18:26,2022-03-26T18:35:45,4004,84.9
27-03-2022,6,37.2,21.2,29.3,29.3,0.1,3,23.9,24.1,2022-03-27T06:17:16,2022-03-27T18:36:19,3558,77.4
28-03-2022,0,38.2,21,29.6,29.6,0,9.5,34.8,24.1,2022-03-28T06:16:06,2022-03-28T18:36:52,4025,84.7
29-03-2022,1,40,20.3,30.3,30.3,0.2,9.2,31.9,24.1,2022-03-29T06:14:57,2022-03-29T18:37:25,4241,89.1
30-03-2022,2,39,21.2,30.5,30.5,0,10.5,34.4,24.1,2022-03-30T06:13:48,2022-03-30T18:37:59,4445,92.6
31-03-2022,3,38.6,21.7,30.7,30.7,0,11.8,34.4,24.1,2022-03-31T06:12:38,2022-03-31T18:38:32,4588,94.9
01-04-2022,4,36,23.9,29.9,29.9,0,6.9,29,25.2,2022-04-01T06:11:29,2022-04-01T18:39:05,4416,93.2
02-04-2022,5,39,19.7,29.9,29.9,0,7.1,28.1,25.2,2022-04-02T06:10:21,2022-04-02T18:39:39,4111,89.7
03-04-2022,6,39,21.4,30.3,30.3,0.3,5.2,26.1,25.3,2022-04-03T06:09:12,2022-04-03T18:40:12,4184,87.3
04-04-2022,0,38,21.4,30.2,30.2,2,5.8,24.6,25.8,2022-04-04T06:08:04,2022-04-04T18:40:45,4494,94.5
05-04-2022,1,38.4,20.8,30.2,30.2,17.6,5.9,26.7,25.3,2022-04-05T06:06:56,2022-04-05T18:41:19,4590,95.7
06-04-2022,2,40,21.1,30.7,30.7,26.8,5.2,23.9,24.7,2022-04-06T06:05:48,2022-04-06T18:41:52,4675,97.9
07-04-2022,3,40,21.3,31.4,31.4,0,7.4,25.2,25.7,2022-04-07T06:04:41,2022-04-07T18:42:26,4857,99.4
08-04-2022,4,42,21.8,32.1,32.1,0,5.3,23.1,25.5,2022-04-08T06:03:34,2022-04-08T18:42:59,4999,101.9
09-04-2022,5,41.6,22.2,33,33,0,6,23.5,25.7,2022-04-09T06:02:28,2022-04-09T18:43:33,4803,100.7
10-04-2022,6,42,25.9,33.4,33.4,0,5.6,20.9,25.9,2022-04-10T06:01:22,2022-04-10T18:44:07,4936,98.5
11-04-2022,0,42,24.6,33.7,33.7,14,7.1,22.8,25.2,2022-04-11T06:00:16,2022-04-11T18:44:40,5390,108.8
12-04-2022,1,39,24.9,32.7,32.7,44.7,6.9,22.3,19.2,2022-04-12T05:59:11,2022-04-12T18:45:14,5197,110
13-04-2022,2,39.9,23.5,32.8,32.8,22.1,8.3,26,25.6,2022-04-13T05:58:06,2022-04-13T18:45:48,5224,108.8
14-04-2022,3,38.6,27,32.3,32.3,35.4,7.5,23.1,25.2,2022-04-14T05:57:02,2022-04-14T18:46:22,5057,105.5
15-04-2022,4,40,25.5,32.4,32.4,21.5,9.5,27.1,25.7,2022-04-15T05:55:59,2022-04-15T18:46:57,4975,104.7
16-04-2022,5,40,23.7,32.1,32.1,18.3,9.7,30,25.7,2022-04-16T05:54:56,2022-04-16T18:47:31,4974,103.3
17-04-2022,6,39.9,24.2,32.6,32.6,16,9.6,28.2,25.4,2022-04-17T05:53:53,2022-04-17T18:48:05,5146,101.7
18-04-2022,0,42,24.4,33.4,33.4,13.7,10,27,25.8,2022-04-18T05:52:51,2022-04-18T18:48:40,5584,112.6
19-04-2022,1,43,25.3,34.3,34.3,12.5,9.7,25.8,25.5,2022-04-19T05:51:50,2022-04-19T18:49:15,5628,115.6
20-04-2022,2,41,27,34.1,34.1,38,7.4,21.6,25.5,2022-04-20T05:50:50,2022-04-20T18:49:49,5652,116
21-04-2022,3,36,25.8,31.4,31.4,67,10.3,28.7,17.5,2022-04-21T05:49:50,2022-04-21T18:50:24,5632,112.2
22-04-2022,4,38,24.6,31.5,31.5,54.4,10,29.3,25.7,2022-04-22T05:48:51,2022-04-22T18:50:59,5310,98.4
23-04-2022,5,40,22.8,31.7,31.7,3.8,7.1,25.8,26.4,2022-04-23T05:47:53,2022-04-23T18:51:35,5082,104.9
24-04-2022,6,39,23.9,32.4,32.4,12.6,7.5,23.6,26.1,2022-04-24T05:46:56,2022-04-24T18:52:10,5194,101.7
25-04-2022,0,40.1,24.7,33.9,33.9,17,8.1,22.2,26.3,2022-04-25T05:45:59,2022-04-25T18:52:45,5525,111.3
26-04-2022,1,39.8,27.4,33.5,33.5,38.4,8,22.6,26.3,2022-04-26T05:45:04,2022-04-26T18:53:21,5602,113.9
27-04-2022,2,42,24.2,33.9,33.9,0,7.3,23.7,26.9,2022-04-27T05:44:09,2022-04-27T18:53:57,5739,116.6
28-04-2022,3,43,23.7,34.6,34.6,0,8.2,23.3,26.9,2022-04-28T05:43:15,2022-04-28T18:54:32,5942,121.2
29-04-2022,4,43.3,27.6,35.8,35.8,5,7.1,20.2,26.5,2022-04-29T05:42:22,2022-04-29T18:55:08,6096,123.7
30-04-2022,5,43.2,27.5,35.6,35.6,2.3,5.5,17.8,26.6,2022-04-30T05:41:30,2022-04-30T18:55:44,5970,121.5
01-05-2022,6,40,28.2,33.9,33.9,43.3,14.4,32.4,26.7,2022-05-01T05:40:38,2022-05-01T18:56:20,5993,117.7
02-05-2022,0,40,28.4,34.1,34.1,29.5,18,41.7,26.4,2022-05-02T05:39:48,2022-05-02T18:56:57,6123,125.4
03-05-2022,1,37.7,29,33.2,33.2,34.9,20.7,49.2,26.4,2022-05-03T05:38:59,2022-05-03T18:57:33,6127,116.7
04-05-2022,2,37.2,24,31.1,31.1,61.4,20.2,54.8,25,2022-05-04T05:38:11,2022-05-04T18:58:09,6121,118.5
05-05-2022,3,37,23.5,30,30,22.5,18.1,53.2,26.4,2022-05-05T05:37:24,2022-05-05T18:58:46,5371,103.8
06-05-2022,4,38,25.7,32.3,32.3,39.3,17.7,44.5,24.2,2022-05-06T05:36:37,2022-05-06T18:59:22,5463,113.3
07-05-2022,5,39.3,27.3,33.4,33.4,20.1,15.1,36.2,26.9,2022-05-07T05:35:52,2022-05-07T18:59:58,5426,110.7
08-05-2022,6,40,27.5,33.6,33.6,13.1,16.7,39.6,27.3,2022-05-08T05:35:08,2022-05-08T19:00:35,5762,110
09-05-2022,0,39.3,28.5,33.8,33.8,0,19.6,45.3,27,2022-05-09T05:34:26,2022-05-09T19:01:11,6057,122.4
10-05-2022,1,38.9,29.8,33.8,33.8,8.6,20.1,45.9,26.5,2022-05-10T05:33:44,2022-05-10T19:01:48,6189,125.9
11-05-2022,2,40.4,29,34.6,34.6,1.3,20.2,44.4,26.5,2022-05-11T05:33:03,2022-05-11T19:02:24,6520,129.8
12-05-2022,3,43,30,35.9,35.9,8.2,19.7,41.8,26.6,2022-05-12T05:32:24,2022-05-12T19:03:01,6752,136.2
13-05-2022,4,44,28.8,35,35,9.5,20,45.9,27.4,2022-05-13T05:31:46,2022-05-13T19:03:37,6781,135.8
14-05-2022,5,44,29,37.2,37.2,0,12.6,28.4,27.9,2022-05-14T05:31:09,2022-05-14T19:04:13,6714,130.7
15-05-2022,6,45.3,27.6,37,37,17.8,9.3,21.3,27.8,2022-05-15T05:30:33,2022-05-15T19:04:49,6631,125.6
16-05-2022,0,41.6,31.3,37.4,37.4,59,7.7,18.1,22.1,2022-05-16T05:29:59,2022-05-16T19:05:25,6686,130.8
17-05-2022,1,42,28.4,34.6,34.6,24.9,14,31.2,27.6,2022-05-17T05:29:26,2022-05-17T19:06:01,6679,132.8
18-05-2022,2,41,31.6,35.8,35.8,51.7,15.4,31,27.6,2022-05-18T05:28:54,2022-05-18T19:06:37,6657,136
19-05-2022,3,43,28.8,36.2,36.2,1.3,15.3,32.6,27.8,2022-05-19T05:28:23,2022-05-19T19:07:13,7008,138.1
20-05-2022,4,44.1,29.6,37,37,38.1,14.5,30.6,27.7,2022-05-20T05:27:54,2022-05-20T19:07:48,6815,133.7
21-05-2022,5,42.2,26.7,34.8,34.8,77,13.4,30.8,23.8,2022-05-21T05:27:25,2022-05-21T19:08:23,6412,129.1
22-05-2022,6,39.2,24.6,32.2,32.2,33.1,17.4,44.9,27.4,2022-05-22T05:26:59,2022-05-22T19:08:58,5935,115.1
23-05-2022,0,31,18,25.7,25.7,80.9,19.7,71.2,24.8,2022-05-23T05:26:33,2022-05-23T19:09:32,6052,99.2
24-05-2022,1,32,20,26.3,26.3,52.8,21,75.1,27.4,2022-05-24T05:26:09,2022-05-24T19:10:07,4462,91.1
25-05-2022,2,33.8,24.6,29.1,29.1,41.2,21.8,66.6,27.5,2022-05-25T05:25:46,2022-05-25T19:10:41,4771,100.3
26-05-2022,3,36,25,30.6,30.6,9.4,20.7,59.1,27.6,2022-05-26T05:25:25,2022-05-26T19:11:14,5115,105.6
27-05-2022,4,38.8,27,32.4,32.4,31.1,19.7,50.5,26.9,2022-05-27T05:25:05,2022-05-27T19:11:47,5680,113.9
28-05-2022,5,40,28.2,34.4,34.4,51.2,21,46.6,26.7,2022-05-28T05:24:46,2022-05-28T19:12:20,6133,118.4
29-05-2022,6,41,29,34,34,44,21.7,50.4,28.1,2022-05-29T05:24:29,2022-05-29T19:12:52,5967,118.4
30-05-2022,0,39.8,25.1,31.4,31.4,54.9,21.9,59.4,28,2022-05-30T05:24:13,2022-05-30T19:13:24,6357,120.6
31-05-2022,1,39.2,24.5,32.9,32.9,31.4,19.9,49.2,28.9,2022-05-31T05:23:58,2022-05-31T19:13:55,6115,120
01-06-2022,2,41.8,26.8,35,35,47.5,16.9,38.7,28.5,2022-06-01T05:23:45,2022-06-01T19:14:26,6091,123.5
02-06-2022,3,41.5,28.7,35.4,35.4,43.8,15.8,32.8,28.8,2022-06-02T05:23:33,2022-06-02T19:14:56,6442,128.9
03-06-2022,4,43.2,27.2,35.6,35.6,30.6,12.6,28.5,29,2022-06-03T05:23:22,2022-06-03T19:15:25,6518,130.5
04-06-2022,5,45,29.3,36.5,36.5,26.6,12.2,27,28.9,2022-06-04T05:23:13,2022-06-04T19:15:54,6543,129.4
05-06-2022,6,44,30.5,37.3,37.3,29.6,10.1,20.8,28.1,2022-06-05T05:23:05,2022-06-05T19:16:23,6576,125.8
06-06-2022,0,44,29,36.8,36.8,17.5,11.2,23.8,28.2,2022-06-06T05:22:58,2022-06-06T19:16:50,6692,135
07-06-2022,1,43.2,30.8,37.3,37.3,16.4,11.1,22.2,28.1,2022-06-07T05:22:53,2022-06-07T19:17:17,6797,138.3
08-06-2022,2,44,31.9,37.3,37.3,16.4,10.5,21.5,28.1,2022-06-08T05:22:49,2022-06-08T19:17:43,6824,139.5
09-06-2022,3,44,30.2,37.5,37.5,15.9,13.3,24.6,27.6,2022-06-09T05:22:47,2022-06-09T19:18:08,7048,142.4
10-06-2022,4,43.2,32,37.8,37.8,16.3,14.4,26.1,27.9,2022-06-10T05:22:45,2022-06-10T19:18:32,7089,145.4
11-06-2022,5,44,32.1,37.7,37.7,10.8,11.9,22.1,27.9,2022-06-11T05:22:45,2022-06-11T19:18:56,6980,136.7
12-06-2022,6,43,32,37.7,37.7,14.2,13.7,24.7,27.9,2022-06-12T05:22:47,2022-06-12T19:19:18,6935,135.6
13-06-2022,0,43,33.2,37.6,37.6,58,16.2,29.2,27.2,2022-06-13T05:22:49,2022-06-13T19:19:40,7202,150.3
14-06-2022,1,39.2,32,35.3,35.3,67.4,18.7,38,26.9,2022-06-14T05:22:53,2022-06-14T19:20:01,7139,144.2
15-06-2022,2,42,30,36.1,36.1,25,19.5,39.3,27.2,2022-06-15T05:22:58,2022-06-15T19:20:21,7227,145.3
16-06-2022,3,39.6,28.2,34.1,34.1,42.9,20.5,46.1,22.8,2022-06-16T05:23:04,2022-06-16T19:20:40,7187,140.2
17-06-2022,4,36,25,29.2,29.2,76.8,22.9,70.8,23.2,2022-06-17T05:23:12,2022-06-17T19:20:57,6708,125.5
18-06-2022,5,32,26.1,28.9,28.9,87.9,23.7,74.1,11.2,2022-06-18T05:23:20,2022-06-18T19:21:14,5325,108.6
19-06-2022,6,31,25.2,28.3,28.3,87.1,23.2,74.4,24.3,2022-06-19T05:23:30,2022-06-19T19:21:30,5180,108.1
20-06-2022,0,32.3,25,29,29,79.9,21.6,65.6,27.4,2022-06-20T05:23:41,2022-06-20T19:21:44,5010,105
21-06-2022,1,34,26.3,30.2,30.2,68.4,21.6,61.2,26.2,2022-06-21T05:23:53,2022-06-21T19:21:58,5273,107.7
22-06-2022,2,38,25,31,31,56.1,21.8,59.3,27,2022-06-22T05:24:06,2022-06-22T19:22:10,5536,112.3
23-06-2022,3,38,27.2,33.1,33.1,24.5,20.1,48.1,27.6,2022-06-23T05:24:21,2022-06-23T19:22:21,5587,115.5
24-06-2022,4,40,27,33.3,33.3,0,15.6,38.6,28.7,2022-06-24T05:24:36,2022-06-24T19:22:31,5614,116.3
25-06-2022,5,40,26.8,34.3,34.3,0,15.4,34.8,28.4,2022-06-25T05:24:52,2022-06-25T19:22:40,5790,116.8
26-06-2022,6,39.9,29.9,35,35,23.1,21.9,48,26.3,2022-06-26T05:25:10,2022-06-26T19:22:47,6700,127.7
27-06-2022,0,39.9,31.2,35.7,35.7,25,23.7,51.1,23.3,2022-06-27T05:25:28,2022-06-27T19:22:53,7168,145.4
28-06-2022,1,41,31.5,35.9,35.9,54.3,24.4,53.1,23.6,2022-06-28T05:25:47,2022-06-28T19:22:58,7528,153.5
29-06-2022,2,40,30.3,34.9,34.9,77.9,23.7,53.8,18.5,2022-06-29T05:26:07,2022-06-29T19:23:02,7770,152.8
30-06-2022,3,32,24.9,27.7,27.7,89.9,25.3,88.2,8.8,2022-06-30T05:26:28,2022-06-30T19:23:04,7130,123.5
01-07-2022,4,31,25.6,28.2,28.2,92.5,26,88.6,18.3,2022-07-01T05:26:50,2022-07-01T19:23:05,5289,112.8
02-07-2022,5,36.1,27,31,31,85.5,25,72.9,17.7,2022-07-02T05:27:12,2022-07-02T19:23:05,5651,109.1
03-07-2022,6,36.5,27.6,33.1,33.1,64.4,23.3,57.4,15.6,2022-07-03T05:27:36,2022-07-03T19:23:03,5918,112.4
04-07-2022,0,36,28.7,33.5,33.5,64,25.6,64.1,19.9,2022-07-04T05:28:00,2022-07-04T19:23:00,6580,130.2
05-07-2022,1,37.2,30.4,33.9,33.9,66.3,26,64.5,21.5,2022-07-05T05:28:25,2022-07-05T19:22:56,6983,140.6
06-07-2022,2,37.8,30.4,34.4,34.4,64.5,26,63,26.2,2022-07-06T05:28:51,2022-07-06T19:22:50,7279,145.8
07-07-2022,3,38,31.4,34.6,34.6,64.5,25.3,59.3,26.1,2022-07-07T05:29:17,2022-07-07T19:22:43,7284,149.1
08-07-2022,4,38.2,31,34.9,34.9,49.4,24.1,54.8,25.3,2022-07-08T05:29:44,2022-07-08T19:22:34,7411,149.3
09-07-2022,5,35,28.7,32,32,60.9,24.9,66.5,20.3,2022-07-09T05:30:11,2022-07-09T19:22:24,7181,137.1
10-07-2022,6,34,28.3,31,31,64,25.6,73.6,6,2022-07-10T05:30:40,2022-07-10T19:22:13,6133,116.6
11-07-2022,0,36,28.7,31.8,31.8,56.6,24.9,67.9,26.3,2022-07-11T05:31:08,2022-07-11T19:22:00,6528,130.4
12-07-2022,1,33,28,30.3,30.3,66.2,26.2,80.1,17.1,2022-07-12T05:31:37,2022-07-12T19:21:46,6318,126.2
13-07-2022,2,36,28,31.5,31.5,66.7,25.8,73.3,20.8,2022-07-13T05:32:07,2022-07-13T19:21:31,6257,128.4
14-07-2022,3,38.6,29.4,32.3,32.3,66,25.2,67.6,21.1,2022-07-14T05:32:37,2022-07-14T19:21:14,6173,133
15-07-2022,4,37,28.6,32.9,32.9,71.4,24.7,63.7,19.7,2022-07-15T05:33:08,2022-07-15T19:20:55,6773,129.4
16-07-2022,5,35.4,25.8,29.4,29.4,71.9,25.4,80.4,15.3,2022-07-16T05:33:39,2022-07-16T19:20:36,6681,124.5
17-07-2022,6,34.1,25.9,29.9,29.9,78.3,26.2,81.9,22.1,2022-07-17T05:34:10,2022-07-17T19:20:15,6046,113.9
18-07-2022,0,37.1,28.9,33.2,33.2,61,26.3,68.8,19.7,2022-07-18T05:34:42,2022-07-18T19:19:52,6847,134.3
19-07-2022,1,37,29,32.4,32.4,66,26.7,73.5,18,2022-07-19T05:35:14,2022-07-19T19:19:28,6816,140.9
20-07-2022,2,34.8,25.3,29.7,29.7,90.5,26.4,84,17.8,2022-07-20T05:35:46,2022-07-20T19:19:03,6571,129.6
21-07-2022,3,32.4,25.9,29,29,92.1,25.8,84,15.8,2022-07-21T05:36:18,2022-07-21T19:18:36,5821,118.7
22-07-2022,4,32.8,27.8,29.4,29.4,92,26.9,86.7,21.9,2022-07-22T05:36:51,2022-07-22T19:18:09,5691,121.3
23-07-2022,5,33.1,26.9,29.7,29.7,87.1,26.8,85.6,15.5,2022-07-23T05:37:24,2022-07-23T19:17:39,5485,110.2
24-07-2022,6,34.4,27,30,30,74,26.5,82.5,19,2022-07-24T05:37:57,2022-07-24T19:17:09,5655,113.8
25-07-2022,0,34,27,30,30,73.9,26,80.3,14.8,2022-07-25T05:38:30,2022-07-25T19:16:37,5770,119.9
26-07-2022,1,32.8,27,29.4,29.4,68.8,25.7,81,14.5,2022-07-26T05:39:04,2022-07-26T19:16:03,5876,121.3
27-07-2022,2,33.6,27,30,30,80.5,26.1,80,17.4,2022-07-27T05:39:37,2022-07-27T19:15:29,5897,123.6
28-07-2022,3,32,26.9,28.6,28.6,86.7,26,86.3,18.3,2022-07-28T05:40:11,2022-07-28T19:14:53,5692,119.3
29-07-2022,4,32,26,28,28,95,26,89.2,16,2022-07-29T05:40:44,2022-07-29T19:14:16,5479,114.4
30-07-2022,5,31.6,26.4,28.4,28.4,92.1,26,86.9,10.4,2022-07-30T05:41:18,2022-07-30T19:13:38,4978,107.1
31-07-2022,6,32,26,28.7,28.7,87.7,25.6,84.3,20.2,2022-07-31T05:41:52,2022-07-31T19:12:58,5070,98.4
01-08-2022,0,34,27.3,29.7,29.7,84.1,25.6,79.6,21.9,2022-08-01T05:42:25,2022-08-01T19:12:17,5468,113
02-08-2022,1,35,27,31,31,50.7,25.9,75.9,19.6,2022-08-02T05:42:59,2022-08-02T19:11:35,6089,121.3
03-08-2022,2,34,28,30.8,30.8,68,26,76.1,16.5,2022-08-03T05:43:33,2022-08-03T19:10:52,5967,125.9
04-08-2022,3,32.7,27,29.4,29.4,86.2,26.4,84.6,19.6,2022-08-04T05:44:06,2022-08-04T19:10:08,5814,122.9
05-08-2022,4,30,26.9,27.9,27.9,85.6,26.5,92.1,19.7,2022-08-05T05:44:40,2022-08-05T19:09:22,5481,117.5
06-08-2022,5,33,27,30.2,30.2,74.7,27.2,84.5,14.4,2022-08-06T05:45:14,2022-08-06T19:08:36,5578,115.2
07-08-2022,6,30,26,27.6,27.6,89.8,26.4,93.3,12.8,2022-08-07T05:45:47,2022-08-07T19:07:48,5421,104.9
08-08-2022,0,34.3,26,30.1,30.1,74.6,25.9,79.9,20.8,2022-08-08T05:46:21,2022-08-08T19:06:59,5776,114.4
09-08-2022,1,35.6,28,32,32,58.1,26.8,75.3,18.5,2022-08-09T05:46:54,2022-08-09T19:06:09,6233,123.7
10-08-2022,2,35.7,29,32.5,32.5,52.4,25.6,68.9,24.5,2022-08-10T05:47:27,2022-08-10T19:05:19,6388,131.4
11-08-2022,3,32,27,29.6,29.6,69.9,24.5,73.9,9.6,2022-08-11T05:48:00,2022-08-11T19:04:27,6328,113.9
12-08-2022,4,36,27.3,31.2,31.2,50.5,25,71.1,24.4,2022-08-12T05:48:33,2022-08-12T19:03:34,5873,119.9
13-08-2022,5,34.1,28,30.9,30.9,65.9,25.4,73.4,23.9,2022-08-13T05:49:06,2022-08-13T19:02:40,5866,119.7
14-08-2022,6,32.5,27,28.9,28.9,72.1,26.4,86.6,14.8,2022-08-14T05:49:38,2022-08-14T19:01:45,5792,112.6
15-08-2022,0,34,27,29.3,29.3,87.9,25.5,81.3,6.5,2022-08-15T05:50:11,2022-08-15T19:00:49,5148,96.7
16-08-2022,1,32.4,27.7,29.1,29.1,87.7,24.8,78.7,20.2,2022-08-16T05:50:43,2022-08-16T18:59:53,5096,109.3
17-08-2022,2,33.3,26,29.2,29.2,76.8,24.5,76.8,21.9,2022-08-17T05:51:16,2022-08-17T18:58:55,5486,113.3
18-08-2022,3,34.5,26.9,30.3,30.3,52.6,25.3,76.1,19.8,2022-08-18T05:51:48,2022-08-18T18:57:57,5808,119.9
19-08-2022,4,34.7,28,31.1,31.1,52,25.1,71.6,19.8,2022-08-19T05:52:19,2022-08-19T18:56:58,5711,118.2
20-08-2022,5,32,27,29.6,29.6,81.9,25.9,80.8,13.9,2022-08-20T05:52:51,2022-08-20T18:55:58,5647,119.4
21-08-2022,6,35,27.9,30.9,30.9,77.3,26,76.7,17.8,2022-08-21T05:53:23,2022-08-21T18:54:57,6064,117.8
22-08-2022,0,35.2,28.9,31.5,31.5,74.9,26,74.3,22.7,2022-08-22T05:53:54,2022-08-22T18:53:56,6267,128.2
23-08-2022,1,33.6,28,30.7,30.7,70.5,24.7,71.4,23.7,2022-08-23T05:54:26,2022-08-23T18:52:53,6111,126.3
24-08-2022,2,33,27,29.1,29.1,71.3,25.3,80.9,17.3,2022-08-24T05:54:57,2022-08-24T18:51:50,5783,122.6
25-08-2022,3,34,26,30.1,30.1,58.6,24.3,72.3,19.6,2022-08-25T05:55:28,2022-08-25T18:50:47,5862,121.5
26-08-2022,4,35,27,30.7,30.7,50.1,24.9,73,17,2022-08-26T05:55:58,2022-08-26T18:49:42,6100,125.9
27-08-2022,5,35,27,30.7,30.7,47.4,24.3,70.2,14.5,2022-08-27T05:56:29,2022-08-27T18:48:37,5910,122.8
28-08-2022,6,34.2,27,30.6,30.6,57,23.1,65.9,15.1,2022-08-28T05:57:00,2022-08-28T18:47:32,5945,116.5
29-08-2022,0,34.8,26,30.3,30.3,67.2,23.1,66.9,15.9,2022-08-29T05:57:30,2022-08-29T18:46:26,5945,116.5
30-08-2022,1,35,26.7,30.2,30.2,76,25.5,77.4,20.5,2022-08-30T05:58:00,2022-08-30T18:45:19,5866,124.6
31-08-2022,2,37,27,31.5,31.5,46.5,24.1,66.9,15.5,2022-08-31T05:58:30,2022-08-31T18:44:12,6253,127.6
01-09-2022,3,36.5,28,32.1,32.1,64.8,24.4,66.3,12,2022-09-01T05:59:00,2022-09-01T18:43:04,6479,132.8
02-09-2022,4,35.3,28,32.1,32.1,73,23.7,62.9,21,2022-09-02T05:59:30,2022-09-02T18:41:56,6440,133.9
03-09-2022,5,36,28,32.2,32.2,52.3,22.5,58.2,22.9,2022-09-03T06:00:00,2022-09-03T18:40:48,6298,128.5
04-09-2022,6,37,28,32.3,32.3,30.8,22.2,56.6,23,2022-09-04T06:00:30,2022-09-04T18:39:39,6288,124
05-09-2022,0,37,27,31.9,31.9,44.3,22.3,58.7,22.8,2022-09-05T06:01:00,2022-09-05T18:38:29,6429,131.8
06-09-2022,1,36,28,31.7,31.7,39,22.4,59.4,22.8,2022-09-06T06:01:29,2022-09-06T18:37:19,6488,133.2
07-09-2022,2,36.5,27.6,32.1,32.1,39.1,22.6,59.3,22.7,2022-09-07T06:01:59,2022-09-07T18:36:09,6482,134.1
08-09-2022,3,36.2,28.3,32.2,32.2,37.8,23.6,61.8,22.4,2022-09-08T06:02:28,2022-09-08T18:34:59,6634,136.8
09-09-2022,4,37,27.9,32.2,32.2,50.2,24.2,64.8,21.6,2022-09-09T06:02:57,2022-09-09T18:33:48,6614,139
10-09-2022,5,35.3,29,31.6,31.6,54.7,25.7,71.9,20.5,2022-09-10T06:03:27,2022-09-10T18:32:37,6542,133.8
11-09-2022,6,36,28.2,32.2,32.2,38.3,23.5,61.3,21.9,2022-09-11T06:03:56,2022-09-11T18:31:26,6272,125.2
12-09-2022,0,36.5,28,31.8,31.8,44.4,23.5,62.8,16.8,2022-09-12T06:04:25,2022-09-12T18:30:14,6444,132.5
13-09-2022,1,34,25,30,30,69.9,23.6,70.4,18.6,2022-09-13T06:04:55,2022-09-13T18:29:02,6282,127.5
14-09-2022,2,32,26,28.5,28.5,76.8,24.3,78.6,11.9,2022-09-14T06:05:24,2022-09-14T18:27:51,5947,121.6
15-09-2022,3,30,24,26.4,26.4,92.2,25.1,92.7,8.9,2022-09-15T06:05:53,2022-09-15T18:26:39,5203,108.2
16-09-2022,4,26,24,24.8,24.8,97.1,24.2,96.6,7.5,2022-09-16T06:06:22,2022-09-16T18:25:27,4670,97.5
17-09-2022,5,33.2,24,28.5,28.5,63.7,24.8,82.2,20.9,2022-09-17T06:06:52,2022-09-17T18:24:14,4746,98
18-09-2022,6,35,25.3,29.5,29.5,38.4,23.9,73.6,21.3,2022-09-18T06:07:21,2022-09-18T18:23:02,5094,99.3
19-09-2022,0,33,26.5,29.3,29.3,63.4,24.6,77.3,20.9,2022-09-19T06:07:51,2022-09-19T18:21:50,5318,111.5
20-09-2022,1,33.5,26.1,28.8,28.8,71.7,24.2,77.1,16.8,2022-09-20T06:08:20,2022-09-20T18:20:38,5332,110.8
21-09-2022,2,32.3,25.3,27.1,27.1,87.9,24.7,87.1,14,2022-09-21T06:08:50,2022-09-21T18:19:25,5167,106.8
22-09-2022,3,27.7,24.6,25.4,25.4,96.3,24.7,95.9,3.7,2022-09-22T06:09:20,2022-09-22T18:18:13,4718,98.7
23-09-2022,4,27,24,25,25,100,24.7,98.2,2.3,2022-09-23T06:09:50,2022-09-23T18:17:01,4573,92.3
24-09-2022,5,27,24.4,25.3,25.3,99.7,24.8,97.2,5.9,2022-09-24T06:10:20,2022-09-24T18:15:49,4146,85.1
25-09-2022,6,30,24.7,27,27,78.9,24.1,84.8,19.3,2022-09-25T06:10:50,2022-09-25T18:14:37,3987,83.1
26-09-2022,0,32.3,24.7,28.1,28.1,44.2,24.6,82.4,20.2,2022-09-26T06:11:20,2022-09-26T18:13:26,4612,95.2
27-09-2022,1,33,24.4,28.6,28.6,37.4,23.6,76.5,20.2,2022-09-27T06:11:50,2022-09-27T18:12:14,4771,99.1
28-09-2022,2,34,25,29.2,29.2,19.8,22.9,71.1,20.2,2022-09-28T06:12:21,2022-09-28T18:11:03,4896,103
29-09-2022,3,33.3,25,28.8,28.8,14.5,22.9,71.6,20.1,2022-09-29T06:12:52,2022-09-29T18:09:52,5018,104.2
30-09-2022,4,33.6,25,28.9,28.9,28.2,23.3,73.5,20,2022-09-30T06:13:23,2022-09-30T18:08:41,5062,106.2
01-10-2022,5,33.2,25,29.1,29.1,11.6,22.8,72,19.8,2022-10-01T06:13:54,2022-10-01T18:07:30,4722,103.3
02-10-2022,6,34.8,24.8,29.5,29.5,6.2,21.4,64.1,19.4,2022-10-02T06:14:26,2022-10-02T18:06:20,4510,91.2
03-10-2022,0,34.1,24,29,29,9.4,19.8,59.4,19.7,2022-10-03T06:14:58,2022-10-03T18:05:10,4803,100.9
04-10-2022,1,33.8,24,29.1,29.1,22.5,21,63.3,19.4,2022-10-04T06:15:30,2022-10-04T18:04:01,4944,104.8
05-10-2022,2,33.5,25.6,28.7,28.7,50.4,22.5,69.7,15.3,2022-10-05T06:16:02,2022-10-05T18:02:52,4693,96.2
06-10-2022,3,29.9,24,26,26,61.5,21.8,78.3,16.5,2022-10-06T06:16:35,2022-10-06T18:01:43,4616,97.2
07-10-2022,4,26.2,22.9,23.9,23.9,94.7,21.6,87.3,1.6,2022-10-07T06:17:08,2022-10-07T18:00:35,4450,91.5
08-10-2022,5,24.1,21,22.5,22.5,99.4,21.9,96.9,0.6,2022-10-08T06:17:41,2022-10-08T17:59:28,3795,78.7
09-10-2022,6,24,21,22,22,100,21.8,99,0.1,2022-10-09T06:18:14,2022-10-09T17:58:21,3422,68.4
10-10-2022,0,24,20.4,22,22,100,21.6,97.2,0.4,2022-10-10T06:18:48,2022-10-10T17:57:14,3422,68.4
11-10-2022,1,29,21.5,24.8,24.8,82.5,22.4,87.1,14,2022-10-11T06:19:22,2022-10-11T17:56:08,3874,76.8
12-10-2022,2,30,21,25.3,25.3,49.9,21.7,81.7,18.3,2022-10-12T06:19:57,2022-10-12T17:55:03,4013,79.4
13-10-2022,3,31.5,20.4,25.4,25.4,7.6,19.4,72.7,18.4,2022-10-13T06:20:32,2022-10-13T17:53:58,3995,78.2
14-10-2022,4,30.8,21,25.5,25.5,0.4,19.4,71.6,18.6,2022-10-14T06:21:07,2022-10-14T17:52:54,4001,79.4
15-10-2022,5,32,21,25.8,25.8,3.3,19.2,69.8,18.6,2022-10-15T06:21:43,2022-10-15T17:51:51,3668,74.6
16-10-2022,6,32,20.9,26.2,26.2,0,17.4,61,18.1,2022-10-16T06:22:19,2022-10-16T17:50:48,3470,71.1
17-10-2022,0,31.6,21.7,26.5,26.5,0,16.1,56,18.1,2022-10-17T06:22:56,2022-10-17T17:49:46,4003,79
18-10-2022,1,33,20,26,26,0,15.2,55.6,18.1,2022-10-18T06:23:32,2022-10-18T17:48:45,3954,80
19-10-2022,2,33,19.7,26.5,26.5,0,14.6,50.8,17.7,2022-10-19T06:24:10,2022-10-19T17:47:45,4015,80.8
20-10-2022,3,33.3,19.4,26.2,26.2,15,15.1,54.1,17.6,2022-10-20T06:24:48,2022-10-20T17:46:46,4047,80.7
21-10-2022,4,32.4,20,26.2,26.2,23.3,15.4,55.3,17.3,2022-10-21T06:25:26,2022-10-21T17:45:47,4043,81.6
22-10-2022,5,31,20,25.2,25.2,2.5,15.2,56.8,17.6,2022-10-22T06:26:04,2022-10-22T17:44:50,3765,76.2
23-10-2022,6,31,17.4,23.9,23.9,0,13.3,55,17.6,2022-10-23T06:26:43,2022-10-23T17:43:53,3279,67.7
24-10-2022,0,31,17.8,23.6,23.6,0,14.6,60.1,17.3,2022-10-24T06:27:23,2022-10-24T17:42:57,2994,61
25-10-2022,1,30,17.3,23.8,23.8,0,13.1,53.7,17.4,2022-10-25T06:28:03,2022-10-25T17:42:03,3108,59.7
26-10-2022,2,31.2,17.5,24.1,24.1,0,15.2,60.9,17.1,2022-10-26T06:28:43,2022-10-26T17:41:09,3047,61.8
27-10-2022,3,31,17.8,24.3,24.3,0,14.9,59.7,16.9,2022-10-27T06:29:24,2022-10-27T17:40:16,3429,68
28-10-2022,4,30,17.7,24,24,0,16.2,64.5,16.8,2022-10-28T06:30:05,2022-10-28T17:39:25,3663,71.1
29-10-2022,5,30.5,18.3,23.8,23.8,1.5,16.7,68.2,16.9,2022-10-29T06:30:47,2022-10-29T17:38:34,3466,68.8
30-10-2022,6,30,17.8,23.3,23.3,0,15,62,16.3,2022-10-30T06:31:29,2022-10-30T17:37:45,3237,64.2
31-10-2022,0,30,17.7,23.4,23.4,0,15.9,66,16.1,2022-10-31T06:32:11,2022-10-31T17:36:57,3556,69.2
01-11-2022,1,32,18.1,24.6,24.6,0,15.9,62.6,15.8,2022-11-01T06:32:54,2022-11-01T17:36:10,3663,71.3
02-11-2022,2,30.1,18.5,24,24,0,16.3,64.6,15.9,2022-11-02T06:33:37,2022-11-02T17:35:24,3721,72.3
03-11-2022,3,31,17.8,23.9,23.9,8.6,16.3,65.1,14.5,2022-11-03T06:34:21,2022-11-03T17:34:40,3725,72.4
04-11-2022,4,31,19.1,24.4,24.4,0.3,17.3,66.9,15.4,2022-11-04T06:35:05,2022-11-04T17:33:57,3847,73.5
05-11-2022,5,29.7,19,24,24,3.9,19.7,78.3,15.2,2022-11-05T06:35:50,2022-11-05T17:33:15,3646,71.6
06-11-2022,6,30.8,19.8,24.8,24.8,18.7,19,72.3,13.1,2022-11-06T06:36:35,2022-11-06T17:32:34,3504,68.7
07-11-2022,0,32,19.8,25,25,17.5,16.7,64.1,14.7,2022-11-07T06:37:20,2022-11-07T17:31:55,3767,74
08-11-2022,1,28,19.5,23.7,23.7,36.9,17.4,69.5,14.1,2022-11-08T06:38:06,2022-11-08T17:31:17,3752,69.7
09-11-2022,2,29.3,19,23.4,23.4,24.4,14.8,60.6,14.3,2022-11-09T06:38:52,2022-11-09T17:30:41,3713,72.9
10-11-2022,3,28.6,18.8,23.5,23.5,28.6,16,64.6,14.4,2022-11-10T06:39:38,2022-11-10T17:30:05,3831,73.3
11-11-2022,4,27.7,17,21.8,21.8,0,13.4,61.9,14.8,2022-11-11T06:40:24,2022-11-11T17:29:32,3756,74.8
12-11-2022,5,27.2,15.7,21,21,0.1,10.3,53.4,14.8,2022-11-12T06:41:11,2022-11-12T17:29:00,3469,65
13-11-2022,6,27.1,14.7,20.5,20.5,9.2,10.9,56.7,14.8,2022-11-13T06:41:58,2022-11-13T17:28:29,3364,61.1
14-11-2022,0,29.7,15.9,22.6,22.6,31.7,12.2,55.4,14.3,2022-11-14T06:42:46,2022-11-14T17:28:00,3539,67.2
15-11-2022,1,28.5,17.9,22,22,37.4,12.4,56.5,14.2,2022-11-15T06:43:33,2022-11-15T17:27:32,3525,68.3
16-11-2022,2,26.5,15.7,20.6,20.6,7.4,9.4,52.9,14.3,2022-11-16T06:44:21,2022-11-16T17:27:06,3576,67.2
17-11-2022,3,24.8,14,18.7,18.7,1.5,9.6,57.4,14.4,2022-11-17T06:45:09,2022-11-17T17:26:41,3528,67
18-11-2022,4,25.2,12.4,18.6,18.6,7.7,8.4,54.3,14.5,2022-11-18T06:45:57,2022-11-18T17:26:18,3717,66.7
19-11-2022,5,25.8,12.5,18.7,18.7,24.4,8.4,54.7,13.7,2022-11-19T06:46:45,2022-11-19T17:25:56,3439,62.5
20-11-2022,6,25.8,12.4,18.7,18.7,14,9.1,55.7,12.8,2022-11-20T06:47:33,2022-11-20T17:25:36,3554,60.6
21-11-2022,0,26,12.3,18.6,18.6,3.3,9.5,58.5,14,2022-11-21T06:48:21,2022-11-21T17:25:18,3529,64
22-11-2022,1,25.7,13,18.6,18.6,1.1,8.5,54.4,14,2022-11-22T06:49:10,2022-11-22T17:25:01,3591,66
23-11-2022,2,26.1,11.7,18.5,18.5,0,6.7,49.6,14.2,2022-11-23T06:49:58,2022-11-23T17:24:46,3614,65.2
24-11-2022,3,26.3,11,18.3,18.3,4.8,7.5,51.3,14,2022-11-24T06:50:46,2022-11-24T17:24:33,3560,65.7
25-11-2022,4,26.5,10.9,18.3,18.3,9.1,7.7,54.6,14,2022-11-25T06:51:34,2022-11-25T17:24:21,3678,68
26-11-2022,5,27.5,10.5,18.2,18.2,8.8,8.3,56.4,13.6,2022-11-26T06:52:22,2022-11-26T17:24:11,3525,63.1
27-11-2022,6,26.4,11.1,17.6,17.6,1.7,9.1,61.6,13.7,2022-11-27T06:53:10,2022-11-27T17:24:02,3608,61
28-11-2022,0,25.5,10.7,17.8,17.8,0.1,9.3,61.5,13.6,2022-11-28T06:53:57,2022-11-28T17:23:55,3581,65
29-11-2022,1,25,10.2,17.5,17.5,10.8,10.1,65.3,13.1,2022-11-29T06:54:45,2022-11-29T17:23:50,3617,65.2
30-11-2022,2,25.2,11.6,17.5,17.5,7.4,10.4,65.9,13.2,2022-11-30T06:55:32,2022-11-30T17:23:46,3751,66.5
01-12-2022,3,24.7,10.9,17.4,17.4,3.7,11.1,69,13.2,2022-12-01T06:56:18,2022-12-01T17:23:44,3642,66.5
02-12-2022,4,25.8,10.9,17.8,17.8,21.6,10.4,65.4,13.1,2022-12-02T06:57:05,2022-12-02T17:23:44,3820,67.2
03-12-2022,5,25.1,11.1,17.7,17.7,7.1,11.7,70,13.1,2022-12-03T06:57:50,2022-12-03T17:23:45,3650,65.4
04-12-2022,6,24.4,11.9,17.5,17.5,1.7,12.4,74.1,13,2022-12-04T06:58:36,2022-12-04T17:23:48,3346,59.8
05-12-2022,0,24.4,10.8,16.7,16.7,0,10.3,69.3,13.1,2022-12-05T06:59:21,2022-12-05T17:23:53,3662,65.3
06-12-2022,1,23,10.5,16,16,0.1,10.2,70.7,13.1,2022-12-06T07:00:05,2022-12-06T17:23:59,3766,67.1
07-12-2022,2,23.7,10.9,16.2,16.2,0,9.4,67.3,13,2022-12-07T07:00:49,2022-12-07T17:24:07,3834,67.9
08-12-2022,3,24,10.9,17.1,17.1,0,9.3,62.6,12.6,2022-12-08T07:01:32,2022-12-08T17:24:16,3604,67.4
09-12-2022,4,25.6,10.8,17.6,17.6,0,9.1,62.2,12.5,2022-12-09T07:02:15,2022-12-09T17:24:27,3939,68.6
10-12-2022,5,26.1,10.9,17.6,17.6,3.8,11.1,69.3,12.4,2022-12-10T07:02:57,2022-12-10T17:24:40,3779,64.5
11-12-2022,6,26.5,11.2,18,18,0,10.9,67,12.5,2022-12-11T07:03:38,2022-12-11T17:24:54,3809,62.8
12-12-2022,0,25.7,10.8,17.6,17.6,8.7,9,61,12.5,2022-12-12T07:04:18,2022-12-12T17:25:10,3794,65.8
13-12-2022,1,25.5,10.5,17.7,17.7,0,7.4,55.3,12.8,2022-12-13T07:04:58,2022-12-13T17:25:27,3829,67.1
14-12-2022,2,23.5,11,16.6,16.6,0,7,57.3,13,2022-12-14T07:05:36,2022-12-14T17:25:46,3942,69.7
15-12-2022,3,22.6,8.9,15,15,0,5.6,56.4,13,2022-12-15T07:06:14,2022-12-15T17:26:06,3860,67.7
16-12-2022,4,22.6,10,15.1,15.1,0.3,6.3,58.5,12.8,2022-12-16T07:06:51,2022-12-16T17:26:28,4084,71.2
17-12-2022,5,23,8.9,15.2,15.2,0,7,61.7,12.7,2022-12-17T07:07:26,2022-12-17T17:26:51,3814,67.4
18-12-2022,6,23,8.9,15.1,15.1,4.8,9.6,71.7,12.7,2022-12-18T07:08:01,2022-12-18T17:27:15,4057,66.5
19-12-2022,0,21.9,8.9,14.7,14.7,15.9,9.5,74.7,12.7,2022-12-19T07:08:35,2022-12-19T17:27:41,3867,68.8
20-12-2022,1,22.1,8,13.7,13.7,54.9,9.4,79,12.1,2022-12-20T07:09:07,2022-12-20T17:28:08,4070,70.4
21-12-2022,2,19.7,9,13.6,13.6,15.6,10,81.3,12.7,2022-12-21T07:09:39,2022-12-21T17:28:37,4256,72.8
22-12-2022,3,19.1,8,12.4,12.4,25,9.4,84.2,12.7,2022-12-22T07:10:09,2022-12-22T17:29:07,4242,73.7
23-12-2022,4,19.1,8,12.6,12.6,30.7,8.7,80.5,12.7,2022-12-23T07:10:38,2022-12-23T17:29:38,4560,75.9
24-12-2022,5,18.6,7,11.8,11.8,15.9,8.1,80.9,12.6,2022-12-24T07:11:05,2022-12-24T17:30:10,4284,73.3
25-12-2022,6,15.1,6,10,10,13.3,8.3,90.1,12.7,2022-12-25T07:11:32,2022-12-25T17:30:44,4485,72.3
26-12-2022,0,13,7,9,9,28.5,8.3,95.6,12.7,2022-12-26T07:11:57,2022-12-26T17:31:19,4691,78.8
27-12-2022,1,16.3,7,10.3,10.3,54.4,8.4,88.7,11.9,2022-12-27T07:12:21,2022-12-27T17:31:54,4675,80.9
28-12-2022,2,21.4,7,13.2,13.2,3.5,7.7,74.1,12.8,2022-12-28T07:12:43,2022-12-28T17:32:31,4868,80.3
29-12-2022,3,22.9,9.7,14.9,14.9,43.8,8.1,68.8,12.2,2022-12-29T07:13:04,2022-12-29T17:33:09,4686,78.8
30-12-2022,4,21.9,12,15.6,15.6,44.5,10.7,75.2,10.4,2022-12-30T07:13:24,2022-12-30T17:33:48,4841,79
31-12-2022,5,18.5,9.8,13.9,13.9,10.2,11.2,84.9,12.7,2022-12-31T07:13:42,2022-12-31T17:34:28,4455,73.9
01-01-2023,6,20.1,7.9,13.4,13.3,24,9.6,79.8,12.5,2023-01-01T07:13:58,2023-01-01T17:35:09,4588,73.7
02-01-2023,0,17,9,12.4,12.4,18.1,10.3,87.9,13,2023-01-02T07:14:14,2023-01-02T17:35:50,4580,78.2
03-01-2023,1,15.3,7.9,11.2,11,22.9,8.7,85.6,13.1,2023-01-03T07:14:27,2023-01-03T17:36:33,4826,81.4
04-01-2023,2,15,6.9,9.6,9,12.9,7.9,90.1,13.2,2023-01-04T07:14:39,2023-01-04T17:37:16,5040,85.6
05-01-2023,3,17,5.8,9.7,9.4,25,6.1,83,13.4,2023-01-05T07:14:50,2023-01-05T17:38:00,5225,85.6
06-01-2023,4,14.7,6.1,9.1,8.9,23.7,6.9,87.7,13.3,2023-01-06T07:14:59,2023-01-06T17:38:45,5399,88
07-01-2023,5,14.2,5,8.3,7.8,35.2,6.4,89.2,13.2,2023-01-07T07:15:06,2023-01-07T17:39:31,5091,84.6
08-01-2023,6,16.8,4,9.6,9,52.2,6.6,85.3,13.1,2023-01-08T07:15:12,2023-01-08T17:40:17,5137,81.5
09-01-2023,0,17.7,6.5,11,11,56.1,9.6,91.8,11.9,2023-01-09T07:15:17,2023-01-09T17:41:03,5466,88.7
10-01-2023,1,17,7,11.1,10.7,49.4,9,88.6,13.3,2023-01-10T07:15:19,2023-01-10T17:41:50,5385,88.1
11-01-2023,2,19,6.7,11.9,11.6,60.8,9.6,87.6,11.3,2023-01-11T07:15:21,2023-01-11T17:42:38,5376,89
12-01-2023,3,20.7,10,14.4,14.3,46.9,12,87,11.9,2023-01-12T07:15:20,2023-01-12T17:43:26,5080,84.7
13-01-2023,4,21,12,15.1,15.1,51.2,13.4,90.5,7.1,2023-01-13T07:15:18,2023-01-13T17:44:15,5050,83.2
14-01-2023,5,17.7,10,13,12.9,34.2,9.6,82,13.8,2023-01-14T07:15:14,2023-01-14T17:45:03,4733,78.6
15-01-2023,6,16.4,5,10.5,10,3.4,1.6,59.6,14.3,2023-01-15T07:15:09,2023-01-15T17:45:53,4785,78.9
16-01-2023,0,17.6,4.8,10.6,10.4,4.5,2.6,61.2,14.2,2023-01-16T07:15:02,2023-01-16T17:46:42,4878,84
17-01-2023,1,18.7,4.9,11.3,11,0,1.3,55.1,14.2,2023-01-17T07:14:53,2023-01-17T17:47:32,5001,84.7
18-01-2023,2,18.4,5.6,11,11,5.7,2.4,60.1,14.1,2023-01-18T07:14:43,2023-01-18T17:48:22,5079,85.5
19-01-2023,3,21.1,7.1,14.3,14.3,52.4,4.2,54.4,13.5,2023-01-19T07:14:32,2023-01-19T17:49:12,4884,82.2
20-01-2023,4,22.6,11,16.2,16.2,52.8,8.3,62.1,13.2,2023-01-20T07:14:18,2023-01-20T17:50:02,4863,81.3
21-01-2023,5,22.4,9.3,15.1,15.1,6,11.3,80,14.2,2023-01-21T07:14:03,2023-01-21T17:50:53,4482,75.9
22-01-2023,6,23,10,15.6,15.6,21.9,9.7,72.4,13.7,2023-01-22T07:13:47,2023-01-22T17:51:43,4541,73
23-01-2023,0,24.8,10,16.6,16.6,20.2,9,68.2,14.1,2023-01-23T07:13:29,2023-01-23T17:52:33,4396,74.6
24-01-2023,1,20.6,13.8,17.1,17.1,70.3,13.8,81.5,12.2,2023-01-24T07:13:09,2023-01-24T17:53:24,4380,74.8
25-01-2023,2,18.6,12.4,15.5,15.5,61.5,14.2,91.8,12.7,2023-01-25T07:12:48,2023-01-25T17:54:14,4475,76.1
26-01-2023,3,16.2,12,14.2,14.2,51.8,13.2,94.1,14.4,2023-01-26T07:12:25,2023-01-26T17:55:05,3943,64.8
27-01-2023,4,19.8,7,12.9,12.7,8.1,6,65.8,15.4,2023-01-27T07:12:01,2023-01-27T17:55:55,4646,75.5
28-01-2023,5,22.6,5,13.5,12.9,0,6.9,68.6,15.4,2023-01-28T07:11:35,2023-01-28T17:56:45,4358,74
29-01-2023,6,17,9.4,13,13,73.5,11.6,91.8,5.6,2023-01-29T07:11:08,2023-01-29T17:57:35,4433,70.9
30-01-2023,0,18.6,12,14.5,14.5,73.4,13.4,93.5,7.7,2023-01-30T07:10:39,2023-01-30T17:58:25,4570,76.4
31-01-2023,1,19.4,12,14.7,14.7,59.6,13.6,92.9,15,2023-01-31T07:10:09,2023-01-31T17:59:14,4611,77.1
01-02-2023,2,20,10,14.2,14,39,10.8,82,15.6,2023-02-01T07:09:37,2023-02-01T18:00:04,4557,75.9
02-02-2023,3,23.6,9,15.8,15.7,0,9,68,15.7,2023-02-02T07:09:04,2023-02-02T18:00:53,4406,74.8
03-02-2023,4,23.3,9,16.2,16.2,2.3,9.6,68.8,15.6,2023-02-03T07:08:30,2023-02-03T18:01:42,4584,75.5
04-02-2023,5,24.7,11.5,17.2,17.2,0,9.9,65.8,15.7,2023-02-04T07:07:54,2023-02-04T18:02:31,4107,69.7
05-02-2023,6,25,12,17.5,17.5,0,10.2,67.1,16.2,2023-02-05T07:07:17,2023-02-05T18:03:19,4197,66.7
06-02-2023,0,27.8,11.3,19.7,19.6,14.7,12,65.2,15.8,2023-02-06T07:06:39,2023-02-06T18:04:07,4037,67.4
07-02-2023,1,24.8,13,18.4,18.4,1.3,11.8,70,16.2,2023-02-07T07:05:59,2023-02-07T18:04:55,4064,69.4
08-02-2023,2,24,11,16.9,16.9,12.2,8.3,60.1,16.5,2023-02-08T07:05:18,2023-02-08T18:05:42,4078,70
09-02-2023,3,28.2,11,19.3,19.2,4.7,10,60.8,16.2,2023-02-09T07:04:35,2023-02-09T18:06:29,3967,67.6
10-02-2023,4,28.8,14,21.2,21,7,12.2,61,16.2,2023-02-10T07:03:52,2023-02-10T18:07:16,4021,68.6
11-02-2023,5,26.8,15.6,20.1,20.1,2.4,15,74.9,16.6,2023-02-11T07:03:07,2023-02-11T18:08:02,3836,65.6
12-02-2023,6,23,12,17.3,17.3,0,5.4,49.7,17.3,2023-02-12T07:02:21,2023-02-12T18:08:48,3794,64.3
13-02-2023,0,22.1,9,15.5,15.1,0.2,1.5,41.8,17.5,2023-02-13T07:01:34,2023-02-13T18:09:33,3883,67.4
14-02-2023,1,25.2,10.5,17.2,17.2,5.9,3.3,43.2,17.2,2023-02-14T07:00:46,2023-02-14T18:10:19,4001,66.9
15-02-2023,2,27,11,18.6,18.5,0.2,7.8,52.7,17.3,2023-02-15T06:59:57,2023-02-15T18:11:03,4053,69.1
16-02-2023,3,27.4,12.8,19.8,19.8,10.6,13.2,67.8,17.3,2023-02-16T06:59:06,2023-02-16T18:11:48,3811,67.9
17-02-2023,4,28.3,15.3,21.1,21.1,45.7,15.2,72.5,17.7,2023-02-17T06:58:15,2023-02-17T18:12:31,3998,67.6
18-02-2023,5,28.8,14.3,21,20.9,22.5,14.5,70.9,17.6,2023-02-18T06:57:22,2023-02-18T18:13:15,3921,64.3
19-02-2023,6,29.9,14.4,21.7,21.6,21.5,14.8,69.3,17.4,2023-02-19T06:56:29,2023-02-19T18:13:58,3600,61.8
20-02-2023,0,32,15.7,23.3,23.1,33.9,14.1,63.3,16.7,2023-02-20T06:55:35,2023-02-20T18:14:41,3660,66.4
21-02-2023,1,30.5,17,22.8,22.8,10.2,15.8,67.4,18.2,2023-02-21T06:54:39,2023-02-21T18:15:23,3748,68.1
22-02-2023,2,27.2,16,21.3,21.3,33.6,14.9,71.5,16.8,2023-02-22T06:53:43,2023-02-22T18:16:05,3855,67.9
23-02-2023,3,28.5,15,21,20.8,4.3,11.6,60.9,19,2023-02-23T06:52:46,2023-02-23T18:16:46,3663,67
24-02-2023,4,29.3,13.3,20.7,20.5,30.6,10.8,58.3,16.6,2023-02-24T06:51:48,2023-02-24T18:17:27,3932,68.8
25-02-2023,5,29.7,14.3,21.7,21.5,0,12.7,61.2,19,2023-02-25T06:50:49,2023-02-25T18:18:08,3541,64.9
26-02-2023,6,31.2,15.4,23.3,23,10.5,12.8,56.3,19,2023-02-26T06:49:50,2023-02-26T18:18:48,3512,63.1
27-02-2023,0,31.5,16.7,23.5,23.2,4.2,13.3,57,19,2023-02-27T06:48:50,2023-02-27T18:19:28,3710,67.7
28-02-2023,1,30,16,22.8,22.5,21.9,12,55.1,18.8,2023-02-28T06:47:49,2023-02-28T18:20:08,3684,68.8
01-03-2023,2,29,19,23.3,23.1,55.3,10.6,46.8,19,2023-03-01T06:46:47,2023-03-01T18:20:47,3707,68.6
02-03-2023,3,30.5,16.7,23.5,23.2,10,13.4,56.6,19.3,2023-03-02T06:45:44,2023-03-02T18:21:26,3694,69.3
03-03-2023,4,31,17,23.6,23.3,9.4,13.9,59.3,19.4,2023-03-03T06:44:41,2023-03-03T18:22:04,3797,70.5
04-03-2023,5,26,18.6,22.3,22.3,48.8,13,57.3,19.5,2023-03-04T06:43:38,2023-03-04T18:22:42,3562,66.7
05-03-2023,6,30.2,17.6,23.5,23.2,20.5,13.1,55,19.8,2023-03-05T06:42:34,2023-03-05T18:23:20,3450,62.4
06-03-2023,0,29.6,17,23.1,22.9,3.9,12.9,57.2,20.4,2023-03-06T06:41:29,2023-03-06T18:23:58,3610,68.2
07-03-2023,1,30.4,17.4,23.5,23.1,26.5,11.1,50.3,19.3,2023-03-07T06:40:24,2023-03-07T18:24:35,3619,65.3
08-03-2023,2,29.2,17.2,23.4,23.2,42.8,12.2,51.6,18.2,2023-03-08T06:39:18,2023-03-08T18:25:12,2444,51.2
09-03-2023,3,29.2,18.7,23.9,23.7,48.2,12.5,51,20.3,2023-03-09T06:38:12,2023-03-09T18:25:48,3187,61
10-03-2023,4,29.9,17.3,23.7,23.6,10.6,14.8,60.7,20.9,2023-03-10T06:37:05,2023-03-10T18:26:25,3578,69.9
11-03-2023,5,31.6,18,24.5,24,3,12.2,53.1,21,2023-03-11T06:35:58,2023-03-11T18:27:01,3387,68.1
12-03-2023,6,33.1,17.3,25.3,24.7,9.5,11.5,46.2,20.9,2023-03-12T06:34:50,2023-03-12T18:27:36,3363,65.5
13-03-2023,0,33,18.9,25.7,25.3,37.1,13.5,50.6,19.5,2023-03-13T06:33:43,2023-03-13T18:28:12,3623,70.6
14-03-2023,1,32.7,20,25.8,25.5,14.4,14.9,54.9,21.3,2023-03-14T06:32:35,2023-03-14T18:28:47,3744,75.8
15-03-2023,2,33.5,19.5,26.2,25.6,30,13.3,49.9,20.1,2023-03-15T06:31:26,2023-03-15T18:29:22,3725,76.8
16-03-2023,3,32.4,21.7,26.3,25.8,74.6,12.1,44.6,18.3,2023-03-16T06:30:18,2023-03-16T18:29:57,3752,77.4
17-03-2023,4,29,19.7,24.2,24.1,73.2,12.6,49.3,16.5,2023-03-17T06:29:09,2023-03-17T18:30:32,3884,75.7
18-03-2023,5,25,18,20.7,20.7,90.1,17,80.7,18.6,2023-03-18T06:28:00,2023-03-18T18:31:06,3509,68.9
19-03-2023,6,26,17,20.8,20.8,75.1,17.8,84,21.2,2023-03-19T06:26:50,2023-03-19T18:31:41,3424,64.5
20-03-2023,0,25.7,16,20,20,89,16.4,81.4,15.6,2023-03-20T06:25:41,2023-03-20T18:32:15,3633,67.8
21-03-2023,1,24,16,19.9,19.9,58.1,16.3,81.5,18.8,2023-03-21T06:24:31,2023-03-21T18:32:49,3559,65.2
22-03-2023,2,28,16.2,21.2,21.2,49.7,15.6,74.5,21.7,2023-03-22T06:23:22,2023-03-22T18:33:23,3845,69.1
23-03-2023,3,29.6,17,23.4,23.2,27.8,14.5,61.3,21.9,2023-03-23T06:22:12,2023-03-23T18:33:57,3631,69.5
24-03-2023,4,28,19,22.2,22.2,73.4,16.3,71.5,18.8,2023-03-24T06:21:02,2023-03-24T18:34:30,3802,70.7
25-03-2023,5,28.7,17,22.8,22.8,55.3,16.5,70.7,20.8,2023-03-25T06:19:53,2023-03-25T18:35:04,3480,67
26-03-2023,6,30.1,18.2,24.2,23.9,13.3,12.3,51.4,21.9,2023-03-26T06:18:43,2023-03-26T18:35:38,3335,65.4
27-03-2023,0,27.9,18,23,22.9,0,13.8,58.9,23,2023-03-27T06:17:33,2023-03-27T18:36:11,3566,69.6
28-03-2023,1,30.1,17.6,24.1,23.8,24.6,12.8,52.6,22.4,2023-03-28T06:16:24,2023-03-28T18:36:44,3642,67.5
29-03-2023,2,32.5,18.5,24.9,24.5,53.2,13.6,53.3,20.6,2023-03-29T06:15:14,2023-03-29T18:37:18,3648,73.8
30-03-2023,3,31.9,18,23.5,23.4,76.1,15.3,63.6,21.7,2023-03-30T06:14:05,2023-03-30T18:37:51,3518,70.2
31-03-2023,4,26.6,17.2,20.7,20.7,89.1,17.1,81.2,17.2,2023-03-31T06:12:56,2023-03-31T18:38:25,3699,69.7
01-04-2023,5,28,17,21,21.1,55.1,16.8,79.7,19.7,2023-04-01T06:11:47,2023-04-01T18:38:58,3411,66.3
02-04-2023,6,29.2,17.2,23.3,23.3,31,16.3,68,23,2023-04-02T06:10:38,2023-04-02T18:39:31,3360,64
03-04-2023,0,31.1,18.8,24.7,24.7,18.1,15.7,59.8,23.4,2023-04-03T06:09:29,2023-04-03T18:40:05,3588,70.1
04-04-2023,1,30,18.3,24.5,24.2,34.1,14.6,57.9,23.5,2023-04-04T06:08:21,2023-04-04T18:40:38,3550,70.6
05-04-2023,2,32,18,25,24.5,2.3,11.3,47.2,24.5,2023-04-05T06:07:13,2023-04-05T18:41:11,3666,73.6
06-04-2023,3,32,18.8,25.8,25.1,32.5,8.8,37.6,24.2,2023-04-06T06:06:05,2023-04-06T18:41:45,3632,74.1
07-04-2023,4,32.9,18.2,26.1,25.3,0,7,34.6,25.3,2023-04-07T06:04:58,2023-04-07T18:42:18,3766,74
08-04-2023,5,33.1,19,26.4,25.6,2.5,5.9,30.3,25.4,2023-04-08T06:03:51,2023-04-08T18:42:52,3544,71.8
09-04-2023,6,35,18.2,27.3,26.3,0,6.4,31.5,25.4,2023-04-09T06:02:44,2023-04-09T18:43:25,3409,70.7
10-04-2023,0,34.1,18.2,27.1,26.1,22.6,6.5,31,25.2,2023-04-10T06:01:38,2023-04-10T18:43:59,3812,77.5
11-04-2023,1,36.2,19.2,28.5,27.4,18.2,8,31,24.9,2023-04-11T06:00:32,2023-04-11T18:44:33,3908,80.1
12-04-2023,2,36,23.5,29.6,28.6,56.1,10,32.1,24.6,2023-04-12T05:59:27,2023-04-12T18:45:07,4126,85.4
13-04-2023,3,38,21.3,30.4,29.1,28.4,8.3,29.3,25.5,2023-04-13T05:58:22,2023-04-13T18:45:41,4276,88.3
14-04-2023,4,38.3,22.6,30.9,29.5,27.7,6.9,26.3,25,2023-04-14T05:57:18,2023-04-14T18:46:15,4305,88.7
15-04-2023,5,40.1,22.9,32.3,30.8,6.2,7.4,24.7,25.6,2023-04-15T05:56:14,2023-04-15T18:46:49,4291,91.4
16-04-2023,6,40,24.9,32.9,31.6,44.2,9.4,26.4,25.2,2023-04-16T05:55:11,2023-04-16T18:47:23,4371,90.7
17-04-2023,0,40,23.9,32.3,31.2,22.9,10.9,30,25.4,2023-04-17T05:54:09,2023-04-17T18:47:58,5059,101.1
18-04-2023,1,39,24.5,32.9,32.1,27.2,12.5,31.6,23,2023-04-18T05:53:07,2023-04-18T18:48:32,5324,109.1
19-04-2023,2,37.3,25,31.4,30.9,55.5,13.5,35.1,22.5,2023-04-19T05:52:06,2023-04-19T18:49:07,5232,107.1
20-04-2023,3,34.8,25,29.2,28.8,61.6,13.6,40,22.5,2023-04-20T05:51:05,2023-04-20T18:49:42,5028,103.9
21-04-2023,4,35.5,23,29.2,28.3,56.6,10.7,35.1,26,2023-04-21T05:50:05,2023-04-21T18:50:17,4680,98.8
22-04-2023,5,35.5,22.7,29.5,28.3,31.9,8.2,29.1,26.3,2023-04-22T05:49:06,2023-04-22T18:50:52,4310,89.3
23-04-2023,6,31,24,27.1,26.4,78.5,6.6,28.2,26.3,2023-04-23T05:48:08,2023-04-23T18:51:27,3934,81.1
24-04-2023,0,33.2,22,26.9,26.3,49.6,9.6,35,23.6,2023-04-24T05:47:10,2023-04-24T18:52:02,4082,86.2
25-04-2023,1,34,21.7,27.6,26.9,21.9,10.3,36.3,25.3,2023-04-25T05:46:14,2023-04-25T18:52:38,4174,87.7
26-04-2023,2,35.9,22.6,29.1,28.3,30.3,11.2,35.5,22.7,2023-04-26T05:45:18,2023-04-26T18:53:13,4445,92.4
27-04-2023,3,37.8,23,29.9,29,48.1,10.4,33.6,24.3,2023-04-27T05:44:23,2023-04-27T18:53:49,4626,94.1
28-04-2023,4,34,24,28.3,27.9,67.6,12.8,40.3,14.3,2023-04-28T05:43:28,2023-04-28T18:54:24,4395,93.8
29-04-2023,5,32.7,23.8,27.9,27.9,83.7,14.1,43.4,14.2,2023-04-29T05:42:35,2023-04-29T18:55:00,4048,89.3
30-04-2023,6,30.2,22.3,26,26,91.2,16,55.6,17.7,2023-04-30T05:41:43,2023-04-30T18:55:36,3791,81.6
01-05-2023,0,24.9,20,21.7,21.7,86.4,19.9,89.7,5.8,2023-05-01T05:40:51,2023-05-01T18:56:12,3607,76.6
02-05-2023,1,27.8,21,23.4,23.6,74.9,20,82.1,15,2023-05-02T05:40:01,2023-05-02T18:56:49,3682,74.5
03-05-2023,2,29.8,19.7,22.8,23.1,71.8,20,85.4,20.6,2023-05-03T05:39:11,2023-05-03T18:57:25,3944,74.7
04-05-2023,3,31,18.6,24.6,24.7,27.6,18.2,71.2,26.3,2023-05-04T05:38:23,2023-05-04T18:58:01,3670,74.1
05-05-2023,4,33.1,21.7,27.9,28.2,29.3,17.6,56.9,26.3,2023-05-05T05:37:35,2023-05-05T18:58:37,3940,79
06-05-2023,5,35,23,28.6,28.4,22.5,16,49.4,24.9,2023-05-06T05:36:49,2023-05-06T18:59:14,3826,81.3
07-05-2023,6,37,22.9,29.4,29.4,44.3,15.7,46.3,24.1,2023-05-07T05:36:04,2023-05-07T18:59:50,3816,82.1
08-05-2023,0,35.6,23.1,29.2,29.2,47.7,17.3,53,26.7,2023-05-08T05:35:20,2023-05-08T19:00:27,4460,91.7
09-05-2023,1,37,22.5,30.3,29.2,9.1,10.5,35.8,27.9,2023-05-09T05:34:36,2023-05-09T19:01:03,4518,93.9
10-05-2023,2,36.1,24,30.5,29.1,0,6.7,24.8,28.2,2023-05-10T05:33:55,2023-05-10T19:01:40,4595,95.2
11-05-2023,3,39.4,22.1,31.1,30,1.3,9,29,28.4,2023-05-11T05:33:14,2023-05-11T19:02:16,4808,99.8
12-05-2023,4,41,22.9,32.8,31.5,2,9,27.9,27.7,2023-05-12T05:32:34,2023-05-12T19:02:53,5145,103.9
13-05-2023,5,40.1,25.1,33.5,32.9,13.5,12.8,31.6,27.6,2023-05-13T05:31:56,2023-05-13T19:03:29,5197,104.4
14-05-2023,6,40,28.5,33.6,33.1,41.7,13.2,30.8,27.6,2023-05-14T05:31:18,2023-05-14T19:04:05,5188,106.9
15-05-2023,0,41,27,33.9,32.9,36,11.4,27.6,27.6,2023-05-15T05:30:42,2023-05-15T19:04:41,5661,115.4
16-05-2023,1,39,28,33.4,32.8,49.2,12.9,30.4,24.1,2023-05-16T05:30:08,2023-05-16T19:05:18,5691,117.7
17-05-2023,2,40.2,27.3,33.3,33,61.1,14.2,33.3,25.8,2023-05-17T05:29:34,2023-05-17T19:05:53,5867,118.6
18-05-2023,3,36,24,29.8,30.4,42.2,17.8,50.9,25.3,2023-05-18T05:29:02,2023-05-18T19:06:29,5593,110.8
19-05-2023,4,38,25.1,32.1,31.6,7.9,14.8,39.2,27.5,2023-05-19T05:28:31,2023-05-19T19:07:05,5458,111.9
20-05-2023,5,40,25.1,33.5,33,1.3,13.4,32.9,27.8,2023-05-20T05:28:01,2023-05-20T19:07:40,5391,110.9
21-05-2023,6,42.2,26.1,35.7,34.9,7,12,27.5,27.8,2023-05-21T05:27:33,2023-05-21T19:08:15,5948,110.2
22-05-2023,0,44,28.9,37.4,37,16.1,12.4,24.6,26.6,2023-05-22T05:27:06,2023-05-22T19:08:50,6427,129.9
23-05-2023,1,44,31.8,36.9,36.6,47.2,13,25,24.5,2023-05-23T05:26:40,2023-05-23T19:09:25,6785,135
24-05-2023,2,33,26,30,30.4,80.7,16.9,46.3,22.5,2023-05-24T05:26:15,2023-05-24T19:09:59,6142,119.1
25-05-2023,3,35.3,22,28.9,29.2,62.8,17.2,52.1,26.6,2023-05-25T05:25:52,2023-05-25T19:10:33,5569,111.5
26-05-2023,4,33.3,22.8,28.2,28.3,55.3,16.8,52.6,27,2023-05-26T05:25:31,2023-05-26T19:11:07,4991,103.8
27-05-2023,5,33.5,20,27.4,28.2,44.6,19.4,65,22,2023-05-27T05:25:10,2023-05-27T19:11:40,5051,97.4
28-05-2023,6,34,25,30.1,32.4,50.1,20.8,59.1,26.6,2023-05-28T05:24:51,2023-05-28T19:12:13,4780,98
29-05-2023,0,34,22.8,27.2,28.3,62.1,20.5,68.5,18.9,2023-05-29T05:24:33,2023-05-29T19:12:45,4782,99
30-05-2023,1,34.7,22,27.1,27.8,57.2,20,68.7,26.8,2023-05-30T05:24:17,2023-05-30T19:13:17,4871,97.7
31-05-2023,2,30.5,22,25.2,26,71.2,21.5,81.3,23.1,2023-05-31T05:24:02,2023-05-31T19:13:48,4462,92.4
01-06-2023,3,31.3,21.8,26,26.7,48.5,20.4,73.3,27.7,2023-06-01T05:23:48,2023-06-01T19:14:19,4298,88.6
02-06-2023,4,33.4,22.5,28.5,28.9,41.5,17.6,53.9,27.2,2023-06-02T05:23:36,2023-06-02T19:14:50,4567,94
03-06-2023,5,35.5,24.4,30.4,31.1,8,17.8,49,28.1,2023-06-03T05:23:25,2023-06-03T19:15:19,4618,98
04-06-2023,6,33,25,29.4,31.7,65.8,20.7,60.3,13,2023-06-04T05:23:16,2023-06-04T19:15:48,4805,97.6
05-06-2023,0,37.2,25.9,31.7,33.3,27.8,19.7,52.6,27.5,2023-06-05T05:23:07,2023-06-05T19:16:17,5493,110
06-06-2023,1,38,24,31.5,32.3,46.4,18.1,48.1,28,2023-06-06T05:23:00,2023-06-06T19:16:44,5511,113.7
07-06-2023,2,38,25.9,32.4,32.5,13.9,15.6,39.3,28,2023-06-07T05:22:55,2023-06-07T19:17:11,5664,116.1
08-06-2023,3,39,26,33.8,33.9,8,15.2,35.1,28,2023-06-08T05:22:51,2023-06-08T19:17:37,5971,121.2
09-06-2023,4,40.1,28.8,33.8,35.3,38.8,18.1,40.9,27.9,2023-06-09T05:22:48,2023-06-09T19:18:03,6387,126.4
10-06-2023,5,41,28.4,34.4,36.2,45.9,18.3,39.5,26.9,2023-06-10T05:22:46,2023-06-10T19:18:27,6285,126.2
11-06-2023,6,38,27,32.8,34.8,32.8,19.7,48.5,27.3,2023-06-11T05:22:46,2023-06-11T19:18:51,6101,119.1
12-06-2023,0,40,29,34.9,38.4,22,20.7,45.1,27.3,2023-06-12T05:22:47,2023-06-12T19:19:14,6782,135.2
13-06-2023,1,41.2,31.2,36.5,39.6,7,19.7,39.7,27.4,2023-06-13T05:22:49,2023-06-13T19:19:36,7043,143.6
14-06-2023,2,40.1,30,35.4,38.4,37.2,19.6,40.4,27.2,2023-06-14T05:22:53,2023-06-14T19:19:57,7089,142.6
15-06-2023,3,37,29,33.6,36,50.7,19.6,44.6,24.8,2023-06-15T05:22:57,2023-06-15T19:20:17,6799,138.5
16-06-2023,4,38.1,28,32,36.1,61.1,21.6,56.2,20.1,2023-06-16T05:23:03,2023-06-16T19:20:36,6587,136.8
17-06-2023,5,37.6,28.8,32.5,38.1,73.1,23.7,62,23.8,2023-06-17T05:23:11,2023-06-17T19:20:54,6531,132.1
18-06-2023,6,35.5,29,31.5,37.5,83.3,24.3,66.2,17.1,2023-06-18T05:23:19,2023-06-18T19:21:11,6308,126.7
19-06-2023,0,33.2,26,28.6,33,90,24.9,81,11.4,2023-06-19T05:23:28,2023-06-19T19:21:27,6255,125.2
20-06-2023,1,36.9,27,31.6,38,67.9,24.6,67.8,19.1,2023-06-20T05:23:39,2023-06-20T19:21:42,6304,128.7
21-06-2023,2,36.3,26,31,37.4,67,25,71.7,26.6,2023-06-21T05:23:51,2023-06-21T19:21:55,6382,132.4
22-06-2023,3,36.5,29,32.4,40.3,73,25.5,68.1,22.9,2023-06-22T05:24:04,2023-06-22T19:22:08,6880,137.3
23-06-2023,4,36.8,27,32.8,41.9,76.6,26.3,69.8,24,2023-06-23T05:24:18,2023-06-23T19:22:19,6933,143.3
24-06-2023,5,36.4,30,32.2,40.6,80.8,25.7,69.2,23.2,2023-06-24T05:24:33,2023-06-24T19:22:29,6829,136.4
25-06-2023,6,30,24.8,26.4,28.9,89.1,25.3,93.6,15.5,2023-06-25T05:24:49,2023-06-25T19:22:38,6283,106.7
26-06-2023,0,31.4,26,28.8,34.7,81.7,26.1,86.1,23.8,2023-06-26T05:25:06,2023-06-26T19:22:46,5460,114.1
27-06-2023,1,33.4,26,29.5,37.1,77.6,26.9,86.9,23.2,2023-06-27T05:25:24,2023-06-27T19:22:53,5755,119.6
28-06-2023,2,34.9,27,29.6,37.1,66.7,26.6,85,19.7,2023-06-28T05:25:43,2023-06-28T19:22:58,5980,122.5
29-06-2023,3,32.9,24.7,28.8,35.2,80.7,26.4,87.6,15.8,2023-06-29T05:26:03,2023-06-29T19:23:02,5651,115.6
30-06-2023,4,32,25,28.2,34.2,82,26.5,90.7,13.2,2023-06-30T05:26:24,2023-06-30T19:23:04,5770,118.2
01-07-2023,5,33.7,26.1,29.5,36.1,73.5,26.2,83.4,25.6,2023-07-01T05:26:45,2023-07-01T19:23:06,5634,117.1
02-07-2023,6,35.3,27,30.8,37.4,54.8,25.6,75.7,26.3,2023-07-02T05:27:08,2023-07-02T19:23:06,6170,116.8
03-07-2023,0,37.5,29,32.8,41.7,44.8,26.1,69.9,20.3,2023-07-03T05:27:31,2023-07-03T19:23:04,6953,136.9
04-07-2023,1,35,26,31.2,40.7,75.2,27,78.9,20.1,2023-07-04T05:27:55,2023-07-04T19:23:02,6696,139.5
05-07-2023,2,33.8,26,29.9,38.3,82.4,27.1,86,20.5,2023-07-05T05:28:20,2023-07-05T19:22:58,6540,134.4
06-07-2023,3,29.9,26,28.3,34.9,87.4,26.8,91.9,20.9,2023-07-06T05:28:45,2023-07-06T19:22:52,5989,123.5
07-07-2023,4,33.3,27,29.7,37.4,81.7,26.7,84.6,17.6,2023-07-07T05:29:11,2023-07-07T19:22:45,6099,125
08-07-2023,5,29,26,27.2,31.7,98.5,26.7,97.1,11.9,2023-07-08T05:29:38,2023-07-08T19:22:37,5790,111.3
09-07-2023,6,30,25.9,26.9,30.1,93.5,26.6,98.1,10.6,2023-07-09T05:30:05,2023-07-09T19:22:28,4838,101.4
10-07-2023,0,31,25.9,27.4,31.9,87.9,26.8,96.7,12.3,2023-07-10T05:30:33,2023-07-10T19:22:17,5322,107.9
11-07-2023,1,32,26,28.4,33.7,87.4,26.5,89.8,22.5,2023-07-11T05:31:02,2023-07-11T19:22:04,5260,110.2
12-07-2023,2,32,27,29.3,37.3,79.2,27.1,88.1,13.3,2023-07-12T05:31:31,2023-07-12T19:21:50,5607,119.6
13-07-2023,3,32.7,27,29.7,38.6,73.6,27.4,88.1,22.4,2023-07-13T05:32:01,2023-07-13T19:21:35,6055,123.9
14-07-2023,4,32.6,27,29.5,38.3,82.8,27.4,88.9,18.5,2023-07-14T05:32:31,2023-07-14T19:21:19,5862,123.4
15-07-2023,5,33.8,26,29.5,37.3,75.8,27,87,15.1,2023-07-15T05:33:01,2023-07-15T19:21:01,5714,120.5
16-07-2023,6,33.1,26.7,29,36.1,87.5,26.9,89.1,22.8,2023-07-16T05:33:32,2023-07-16T19:20:41,5721,113.8
17-07-2023,0,33,28,30.5,40.6,85.5,27.8,86.2,19,2023-07-17T05:34:03,2023-07-17T19:20:21,6165,127.2
18-07-2023,1,32,28,29.4,38.8,90.1,27.9,92.2,20.1,2023-07-18T05:34:35,2023-07-18T19:19:58,5879,127.3
19-07-2023,2,35,28,30.9,40.4,78.4,27.3,82.6,22.1,2023-07-19T05:35:07,2023-07-19T19:19:35,6466,130.2
20-07-2023,3,36.8,29,32.8,42.2,71.2,26.4,70.8,25.5,2023-07-20T05:35:39,2023-07-20T19:19:10,7018,140.6
21-07-2023,4,37.1,30,33.2,44.3,62.4,27.2,71.7,25.1,2023-07-21T05:36:11,2023-07-21T19:18:44,7344,149.4
22-07-2023,5,35.3,29,32.1,43.1,61.2,27.5,77.2,23.5,2023-07-22T05:36:44,2023-07-22T19:18:16,6924,142.8
23-07-2023,6,35.3,29,32.1,41.3,52.5,26.4,72.4,21.3,2023-07-23T05:37:17,2023-07-23T19:17:47,6886,140.3
24-07-2023,0,37,29,32.5,41.6,65.1,26.3,70.6,20.2,2023-07-24T05:37:50,2023-07-24T19:17:17,7101,146.4
25-07-2023,1,34.9,29,31.3,41.7,76.1,27.5,80.9,21,2023-07-25T05:38:23,2023-07-25T19:16:45,7220,147.3
26-07-2023,2,30.4,25,27.7,32.5,80,26.3,92.1,10.2,2023-07-26T05:38:56,2023-07-26T19:16:12,6671,128
27-07-2023,3,34,27,29.6,37.1,81.4,26.6,84.6,18.8,2023-07-27T05:39:30,2023-07-27T19:15:38,6180,128.4
28-07-2023,4,33,25,28.7,34.5,90.9,26.3,87.6,18.7,2023-07-28T05:40:03,2023-07-28T19:15:03,6073,125
29-07-2023,5,31,25.9,27.9,32.6,86.7,26.5,92.3,16.1,2023-07-29T05:40:37,2023-07-29T19:14:26,5263,112.7
30-07-2023,6,33.9,26,29.7,35.7,69.6,26.2,82.9,24.8,2023-07-30T05:41:11,2023-07-30T19:13:48,5978,113.4
31-07-2023,0,34.3,28,31.1,39.8,57.5,26.6,78.3,17,2023-07-31T05:41:44,2023-07-31T19:13:09,6527,131.6
01-08-2023,1,35.4,28,31.4,39.3,56.4,26.1,74.7,25.3,2023-08-01T05:42:18,2023-08-01T19:12:28,6736,136
02-08-2023,2,34.9,28,30.7,39.2,71.2,26.5,78.9,21.7,2023-08-02T05:42:52,2023-08-02T19:11:46,7005,139.3
03-08-2023,3,35,27.2,30.6,39,76.1,26.8,81.3,21.8,2023-08-03T05:43:25,2023-08-03T19:11:03,6835,137.7
04-08-2023,4,33.1,27,29.3,36.7,89.8,26.7,86.7,14,2023-08-04T05:43:59,2023-08-04T19:10:19,6405,133.9
05-08-2023,5,33,26,29.5,37.4,91.8,27.2,88.3,19.5,2023-08-05T05:44:33,2023-08-05T19:09:34,6125,127.1
06-08-2023,6,34.5,29,31.4,39.4,67.6,25.9,73.4,12.9,2023-08-06T05:45:06,2023-08-06T19:08:48,6169,123.9
07-08-2023,0,33.2,28,30.3,35.8,63.1,24.3,70.7,22.1,2023-08-07T05:45:40,2023-08-07T19:08:00,6269,128.8
08-08-2023,1,36.3,27,31,36.5,56.9,24.1,67.9,21.8,2023-08-08T05:46:13,2023-08-08T19:07:12,6309,129.5
09-08-2023,2,34.4,28.1,31.4,37.1,70.8,24.1,66.1,20.8,2023-08-09T05:46:47,2023-08-09T19:06:22,6277,129.4
10-08-2023,3,34.3,28,30.8,37.1,67.9,24.8,71,15,2023-08-10T05:47:20,2023-08-10T19:05:32,6548,132
11-08-2023,4,34.8,28,31.3,37,67,24.1,66.4,14.5,2023-08-11T05:47:53,2023-08-11T19:04:40,6588,134.8
12-08-2023,5,35,28,31.6,36.3,49.2,23.1,61.4,21.5,2023-08-12T05:48:26,2023-08-12T19:03:47,6374,129.3
13-08-2023,6,34.2,28,30.9,35.9,67.4,23.6,65.7,16.1,2023-08-13T05:48:59,2023-08-13T19:02:54,6069,122.8
14-08-2023,0,34.2,28,30.7,36.7,64.3,24.5,70,13.4,2023-08-14T05:49:31,2023-08-14T19:01:59,6139,128.9
15-08-2023,1,33.2,27,30.1,37.8,73.8,26.2,80.5,21.4,2023-08-15T05:50:04,2023-08-15T19:01:04,6023,112.7
16-08-2023,2,35.1,28.2,31.9,40.3,53.9,26.1,72.2,22.4,2023-08-16T05:50:36,2023-08-16T19:00:07,6780,134.4
17-08-2023,3,35.9,29,32.2,38.5,50.3,24.3,63.8,20.7,2023-08-17T05:51:09,2023-08-17T18:59:10,6912,139.1
18-08-2023,4,36.2,29,32.6,39.7,56.3,24.7,64,24.3,2023-08-18T05:51:41,2023-08-18T18:58:12,7114,144.3
19-08-2023,5,34,25,30.6,39.1,71.7,26.9,82.1,21.4,2023-08-19T05:52:13,2023-08-19T18:57:13,6902,138.9
20-08-2023,6,35.6,29,31.9,41.1,51.6,26.6,75.2,20.5,2023-08-20T05:52:44,2023-08-20T18:56:13,6745,132.8
21-08-2023,0,36.9,29,32.6,42.7,49.7,27,74,16.2,2023-08-21T05:53:16,2023-08-21T18:55:12,7186,147.8
22-08-2023,1,35.3,28,31.1,41.2,74.7,27.3,80.9,13.3,2023-08-22T05:53:47,2023-08-22T18:54:11,7315,147.9
23-08-2023,2,28.9,27,27.6,32.9,92.8,26.3,92.4,1.3,2023-08-23T05:54:19,2023-08-23T18:53:09,6331,129.7
24-08-2023,3,32.1,26,29.1,33.5,74.1,24.3,75.8,18.7,2023-08-24T05:54:50,2023-08-24T18:52:06,5875,122.6
25-08-2023,4,34.4,26.7,30.4,35.2,47.5,23.7,68.1,23.9,2023-08-25T05:55:21,2023-08-25T18:51:03,6185,125.5
26-08-2023,5,34.5,27,30.8,35,51.7,22.9,63.6,14.8,2023-08-26T05:55:52,2023-08-26T18:49:59,5926,123.3
27-08-2023,6,35,27,30.9,34.2,57.5,21.7,58.5,23,2023-08-27T05:56:22,2023-08-27T18:48:54,5855,119.1
28-08-2023,0,34.9,27,30.7,34.9,40.9,22.6,62.5,15.1,2023-08-28T05:56:53,2023-08-28T18:47:48,6426,128.4
29-08-2023,1,35,27,31.5,36.2,48.6,23,61.5,23.8,2023-08-29T05:57:23,2023-08-29T18:46:43,6427,132.8
30-08-2023,2,35.6,28,31.6,36.7,39.6,23.4,62.8,23.7,2023-08-30T05:57:54,2023-08-30T18:45:36,6352,130.7
31-08-2023,3,35.7,27.4,31.9,36.8,37.1,23.3,61.7,23.6,2023-08-31T05:58:24,2023-08-31T18:44:29,6523,132.3
01-09-2023,4,36.2,28,32.4,37.3,17.7,23.2,60.6,23,2023-09-01T05:58:54,2023-09-01T18:43:21,6681,138.1
02-09-2023,5,38.3,28.7,33.3,35.5,5.9,19.4,46.1,23.4,2023-09-02T05:59:24,2023-09-02T18:42:13,6575,135.1
03-09-2023,6,36,28,31.9,34.7,5.2,20.8,54.4,23.2,2023-09-03T05:59:54,2023-09-03T18:41:05,6533,128.6
04-09-2023,0,36.1,27.4,31.6,34.9,1.7,21.7,58.2,23.2,2023-09-04T06:00:23,2023-09-04T18:39:56,6642,135.8
05-09-2023,1,36.9,27,32,37,30,23.2,61,22.2,2023-09-05T06:00:53,2023-09-05T18:38:47,6953,141.3
06-09-2023,2,36.2,27,31.6,35.4,76.5,22.1,59.1,16,2023-09-06T06:01:23,2023-09-06T18:37:37,6716,138.6
07-09-2023,3,36.9,28,30.8,35.4,76.9,23.3,65.3,21.9,2023-09-07T06:01:52,2023-09-07T18:36:27,6371,130.1
08-09-2023,4,35.6,26,30.4,34.4,73.9,23.1,66.4,18.4,2023-09-08T06:02:22,2023-09-08T18:35:16,5963,127
09-09-2023,5,31,25,27.2,30.1,89.6,24.8,87.2,4.4,2023-09-09T06:02:51,2023-09-09T18:34:06,5920,113.1
10-09-2023,6,28.1,24,25.6,26.8,97.4,25.1,96.6,3,2023-09-10T06:03:20,2023-09-10T18:32:55,4526,96.6
11-09-2023,0,32,25,27.7,31.3,78.3,25,85.8,14.7,2023-09-11T06:03:50,2023-09-11T18:31:44,5233,107.1
12-09-2023,1,33.1,25.9,29.1,33.6,58.2,24.9,79.4,21.5,2023-09-12T06:04:19,2023-09-12T18:30:32,5654,116.3
13-09-2023,2,34.6,27,30.8,38.2,43.3,25.9,76.3,19.1,2023-09-13T06:04:48,2023-09-13T18:29:20,6206,126.9
14-09-2023,3,36.4,28,31.9,40.6,42.3,26.3,73.7,18.9,2023-09-14T06:05:17,2023-09-14T18:28:09,6729,137.7
15-09-2023,4,32.6,24.7,29.4,36.1,57.4,26,82.1,19,2023-09-15T06:05:47,2023-09-15T18:26:57,6404,131.3
16-09-2023,5,33.2,25,28.1,33.4,79.5,26.4,91,20,2023-09-16T06:06:16,2023-09-16T18:25:45,5943,121.1
17-09-2023,6,32,25.5,28.3,33.1,77.9,25.9,87.8,18.8,2023-09-17T06:06:45,2023-09-17T18:24:32,5162,108.2
18-09-2023,0,32.8,25,28.8,32.7,65.8,24.3,77.3,19.1,2023-09-18T06:07:15,2023-09-18T18:23:20,5495,114.8
19-09-2023,1,34.7,27,30.6,36.2,51.5,24.5,71.2,18.8,2023-09-19T06:07:44,2023-09-19T18:22:08,6009,124.5
20-09-2023,2,35.6,27,31.8,36.9,51.1,23.4,62.2,15.3,2023-09-20T06:08:14,2023-09-20T18:20:56,6320,130.9
21-09-2023,3,36.3,28,31,37.2,55.4,24.8,71,14.5,2023-09-21T06:08:43,2023-09-21T18:19:44,6543,135.9
22-09-2023,4,35.4,27,30.9,37,55.2,24.8,71.7,20.6,2023-09-22T06:09:13,2023-09-22T18:18:31,6475,136
23-09-2023,5,33,24.6,28.4,33.4,53.9,25.4,84.4,19.2,2023-09-23T06:09:43,2023-09-23T18:17:19,6338,124.9
24-09-2023,6,33.5,25,28.4,31.2,50.6,23.8,77.9,19.5,2023-09-24T06:10:13,2023-09-24T18:16:07,5383,111.6
25-09-2023,0,34.5,25,29.4,32.5,41.6,23.4,72.3,18.9,2023-09-25T06:10:43,2023-09-25T18:14:55,5645,118.1
26-09-2023,1,34.7,26,30.1,34,32.7,23.4,68.9,20.2,2023-09-26T06:11:13,2023-09-26T18:13:44,5736,122.4
27-09-2023,2,33.8,26,29.6,32.1,0,21.8,65.1,20.4,2023-09-27T06:11:44,2023-09-27T18:12:32,5640,120.5
28-09-2023,3,34,23.6,28.7,29.3,2.8,19.6,62.1,21.1,2023-09-28T06:12:14,2023-09-28T18:11:21,5313,112.9
29-09-2023,4,33.4,23.6,28.9,30.1,0.4,20.3,62.3,20.6,2023-09-29T06:12:45,2023-09-29T18:10:09,5413,114.7
30-09-2023,5,35.1,24.7,29.5,30.9,2.6,20.5,61.9,20.4,2023-09-30T06:13:16,2023-09-30T18:08:59,5163,111.6
01-10-2023,6,34.8,24,28.9,29.4,13.6,19.1,59.8,20.3,2023-10-01T06:13:47,2023-10-01T18:07:48,5068,102.9
02-10-2023,0,34.1,22,27.7,27.5,2.6,15.8,52.7,20.6,2023-10-02T06:14:19,2023-10-02T18:06:38,4600,89.5
03-10-2023,1,33.9,20.5,27.2,26.9,0,14.5,48.9,20.6,2023-10-03T06:14:51,2023-10-03T18:05:28,4755,98.3
04-10-2023,2,34,20.9,27.7,27.9,0,16.9,54.2,20.5,2023-10-04T06:15:23,2023-10-04T18:04:18,4869,101.4
05-10-2023,3,34.4,21,27.6,27.7,0,16.4,53.7,20,2023-10-05T06:15:55,2023-10-05T18:03:09,4843,100.9
06-10-2023,4,35,20.9,28,28.2,0,16.6,52.3,19.8,2023-10-06T06:16:27,2023-10-06T18:02:00,4925,102.6
07-10-2023,5,34.7,22.9,29,30.4,0,19.4,58,19.4,2023-10-07T06:17:00,2023-10-07T18:00:52,4861,103.8
08-10-2023,6,35.9,25.5,30.2,32.6,2.3,21.1,60.1,18.8,2023-10-08T06:17:33,2023-10-08T17:59:45,5277,105
09-10-2023,0,35.7,26,30.4,32.6,15.6,20.8,58.8,18.6,2023-10-09T06:18:07,2023-10-09T17:58:37,5500,114.6
10-10-2023,1,35,24.8,29.8,31,11.4,18.8,52.7,18.6,2023-10-10T06:18:41,2023-10-10T17:57:31,5487,115.2
11-10-2023,2,34.5,22.5,27.9,27.9,0,16.9,55.8,19,2023-10-11T06:19:15,2023-10-11T17:56:25,5040,108.7
12-10-2023,3,33.8,19.9,27,26.9,0,15.9,53.5,19,2023-10-12T06:19:49,2023-10-12T17:55:19,4863,101.7
13-10-2023,4,35.2,22,28.1,28.4,0,17.3,55.4,18.7,2023-10-13T06:20:24,2023-10-13T17:54:14,4958,104.4
14-10-2023,5,35.7,22.8,28.8,29,9,17.8,55.1,18.3,2023-10-14T06:20:59,2023-10-14T17:53:10,4715,102.8
15-10-2023,6,33.4,23.1,27.6,27.9,20,17.9,58.1,17.6,2023-10-15T06:21:35,2023-10-15T17:52:07,4523,96.1
16-10-2023,0,28.8,21.3,25.4,25.6,56.6,16.7,59.5,12.2,2023-10-16T06:22:11,2023-10-16T17:51:04,4511,95
17-10-2023,1,25.3,18.9,21.9,21.9,73.5,17.6,77.2,17.5,2023-10-17T06:22:47,2023-10-17T17:50:02,4022,81.7
18-10-2023,2,31,18.7,24.3,24,16.2,14.7,60.3,17.8,2023-10-18T06:23:24,2023-10-18T17:49:00,4095,80.7
19-10-2023,3,29.2,17.6,23.7,23.5,0,14.1,58.8,18,2023-10-19T06:24:01,2023-10-19T17:48:00,4078,79.7
20-10-2023,4,30.8,18.4,24,23.8,1.3,14.7,59.2,17.7,2023-10-20T06:24:39,2023-10-20T17:47:00,4067,79.7
21-10-2023,5,30.5,17.8,23.8,23.6,2.4,14.5,59.7,17.7,2023-10-21T06:25:17,2023-10-21T17:46:02,3812,76.4
22-10-2023,6,30.6,18.1,24.2,24.1,19.7,15.2,59.8,16.9,2023-10-22T06:25:56,2023-10-22T17:45:04,3570,73
23-10-2023,0,30.3,18.9,24.6,24.4,1.1,14.8,58.3,17.2,2023-10-23T06:26:34,2023-10-23T17:44:07,3979,76.9
24-10-2023,1,30.6,18.6,24.5,24.2,0,14.3,56.3,17.2,2023-10-24T06:27:14,2023-10-24T17:43:11,3480,69.9
25-10-2023,2,30,18,24.1,24,0,14.7,57.9,17.2,2023-10-25T06:27:54,2023-10-25T17:42:16,4006,77.6
26-10-2023,3,31,18.1,24.2,23.9,0,13.5,54.5,17.1,2023-10-26T06:28:34,2023-10-26T17:41:22,4028,79.2
27-10-2023,4,30.8,17.1,23.7,23.4,1.8,12.3,52.1,17.1,2023-10-27T06:29:15,2023-10-27T17:40:30,4038,79.4
28-10-2023,5,31.5,17.2,24.1,23.8,39.1,12.5,52.2,13.8,2023-10-28T06:29:56,2023-10-28T17:39:38,3817,73.9
29-10-2023,6,32.3,18,24.6,24.2,20.5,12.8,52.2,16.2,2023-10-29T06:30:37,2023-10-29T17:38:47,3656,73.6
30-10-2023,0,32.3,18.7,25.1,25,5,15.4,58.3,16.1,2023-10-30T06:31:19,2023-10-30T17:37:57,4048,79.7
31-10-2023,1,31.6,19.6,24.9,25,11.2,17.5,67.1,15.9,2023-10-31T06:32:02,2023-10-31T17:37:09,4124,80.9
01-11-2023,2,31,18,24.2,24.2,9,16.3,64.4,15.9,2023-11-01T06:32:44,2023-11-01T17:36:22,4186,81.5
02-11-2023,3,29.6,18.5,23.5,23.8,0.3,17.7,71.8,15.9,2023-11-02T06:33:28,2023-11-02T17:35:36,4153,80.9
03-11-2023,4,29.2,18.6,22.8,22.8,0.3,17.1,72.2,15.6,2023-11-03T06:34:11,2023-11-03T17:34:51,4140,81.4
04-11-2023,5,28.5,18.4,22.7,23,8.7,17.9,75.8,15.4,2023-11-04T06:34:55,2023-11-04T17:34:08,3903,76.2
05-11-2023,6,31,18,23.3,23.3,6.1,16.5,70.7,15.9,2023-11-05T06:35:40,2023-11-05T17:33:25,3819,72.5
06-11-2023,0,30.3,16,22.6,22.5,0.3,14.6,64.8,15.9,2023-11-06T06:36:25,2023-11-06T17:32:44,4026,77.3
07-11-2023,1,30.9,16.7,23.3,23.1,2.6,15,63.5,15.4,2023-11-07T06:37:10,2023-11-07T17:32:05,4002,77.9
08-11-2023,2,30,17.4,23.5,23.4,8,16,66,15,2023-11-08T06:37:55,2023-11-08T17:31:27,4047,77.9
09-11-2023,3,31.7,17.6,23.8,23.7,8.6,15.1,62.7,14.8,2023-11-09T06:38:41,2023-11-09T17:30:50,4031,77.7
10-11-2023,4,22,18,20.3,20.3,88.5,17.5,84.4,11.7,2023-11-10T06:39:27,2023-11-10T17:30:14,4097,75.8
11-11-2023,5,25.5,15.7,19.8,19.8,15.5,15,76,14.6,2023-11-11T06:40:14,2023-11-11T17:29:40,3572,68.6
12-11-2023,6,26.1,14,19.8,19.8,0,14.1,72.6,14.8,2023-11-12T06:41:01,2023-11-12T17:29:08,3025,59.6
13-11-2023,0,26.7,14.3,19.6,19.7,17.2,14.2,74.3,14.2,2023-11-13T06:41:48,2023-11-13T17:28:37,2872,55.9
14-11-2023,1,25.4,14.4,19.9,19.9,56.9,12.6,66.1,11.5,2023-11-14T06:42:35,2023-11-14T17:28:07,3205,60.3
15-11-2023,2,26.4,13.2,19.1,19.1,24.9,12.9,70.1,14.7,2023-11-15T06:43:22,2023-11-15T17:27:39,3554,63.7
16-11-2023,3,26.3,13.7,19.1,19.1,0.1,14.3,76.1,14.4,2023-11-16T06:44:10,2023-11-16T17:27:12,3536,66.4
17-11-2023,4,27.4,14,20.1,20.1,12.3,14.4,73.1,14.2,2023-11-17T06:44:58,2023-11-17T17:26:47,3808,68.7
18-11-2023,5,27.2,15,20.6,20.6,22.6,14.1,68.8,13.8,2023-11-18T06:45:46,2023-11-18T17:26:24,3558,66.1
19-11-2023,6,26,14.4,19.9,19.9,13.7,13.3,68,14,2023-11-19T06:46:34,2023-11-19T17:26:02,3465,62.8
20-11-2023,0,25.8,14,19.5,19.5,0,13.2,70.4,14,2023-11-20T06:47:22,2023-11-20T17:25:42,3504,66.3
21-11-2023,1,25.5,13.6,18.8,18.8,0,13,70.8,14,2023-11-21T06:48:10,2023-11-21T17:25:23,3548,69.7
22-11-2023,2,25,13,17.8,17.8,0,11.1,67.7,14,2023-11-22T06:48:59,2023-11-22T17:25:06,3724,71.1
23-11-2023,3,26,11.5,18.6,18.6,0,11,65.7,14,2023-11-23T06:49:47,2023-11-23T17:24:50,3656,71.6
24-11-2023,4,26.1,12,18.3,18.3,8.6,12,70,13.5,2023-11-24T06:50:35,2023-11-24T17:24:36,3911,70.8
25-11-2023,5,25,12.6,18.1,18.1,22.7,12,69.7,13,2023-11-25T06:51:23,2023-11-25T17:24:24,3698,68.8
26-11-2023,6,25.6,13.2,19.4,19.4,60.4,12.5,67.1,9.2,2023-11-26T06:52:11,2023-11-26T17:24:13,3825,67.2
27-11-2023,0,23.2,15.5,18.5,18.5,86.8,13.6,75,7.9,2023-11-27T06:52:59,2023-11-27T17:24:04,3859,68.4
28-11-2023,1,20,15.6,17.7,17.7,69.2,15.4,86.9,8.3,2023-11-28T06:53:46,2023-11-28T17:23:57,3749,69.8
29-11-2023,2,24.7,14.1,18.5,18.5,30.4,14.9,81,10,2023-11-29T06:54:34,2023-11-29T17:23:51,3829,70
30-11-2023,3,24.3,15,19.1,19.1,44.1,15.8,82.5,10,2023-11-30T06:55:21,2023-11-30T17:23:47,3784,69.5
01-12-2023,4,24.5,14.8,19.6,19.6,38.9,15.9,80.7,12.1,2023-12-01T06:56:08,2023-12-01T17:23:45,3978,71
02-12-2023,5,23.7,14,17.9,17.9,2.7,14.8,83.5,12.6,2023-12-02T06:56:54,2023-12-02T17:23:44,3658,66.5
03-12-2023,6,25.1,12.4,18.4,18.4,35.9,13.2,75.1,12.6,2023-12-03T06:57:40,2023-12-03T17:23:45,3793,66.9
04-12-2023,0,24.2,16,19.7,19.7,53.4,12.9,67.4,9.6,2023-12-04T06:58:26,2023-12-04T17:23:48,3769,69.4
05-12-2023,1,24.1,13.6,17.9,17.9,12.5,11.6,69.4,12.6,2023-12-05T06:59:11,2023-12-05T17:23:52,3824,70
06-12-2023,2,24.6,11.2,16.9,16.9,0,11.4,72.6,12.6,2023-12-06T06:59:55,2023-12-06T17:23:58,3837,69.5
07-12-2023,3,23.6,11.6,16.7,16.7,0,12,75.4,12.5,2023-12-07T07:00:39,2023-12-07T17:24:05,3816,68.6
08-12-2023,4,25,11.7,17.4,17.4,0,11.1,69.7,12.5,2023-12-08T07:01:23,2023-12-08T17:24:14,4032,71.2
09-12-2023,5,24.4,10.8,16.9,16.9,2.4,10.5,69.4,12.6,2023-12-09T07:02:05,2023-12-09T17:24:25,3826,67.1
10-12-2023,6,22.5,10,15.6,15.6,5,9.2,68.6,12.9,2023-12-10T07:02:47,2023-12-10T17:24:37,3885,64.9
11-12-2023,0,23.3,9.1,15.5,15.5,0,7.4,65,13,2023-12-11T07:03:29,2023-12-11T17:24:51,3890,71.3
12-12-2023,1,23.7,9,15.9,15.8,0,10.1,72.2,12.4,2023-12-12T07:04:09,2023-12-12T17:25:06,3950,70.7
13-12-2023,2,23.7,9.4,16.3,16.3,1.9,9.6,69.6,12.7,2023-12-13T07:04:49,2023-12-13T17:25:23,4061,70.3
14-12-2023,3,23,8.5,15.4,15.3,32.3,7.9,65.4,12,2023-12-14T07:05:28,2023-12-14T17:25:41,3740,68.3
15-12-2023,4,23.8,7.9,15.4,15.4,28.9,7.4,63.2,12.5,2023-12-15T07:06:05,2023-12-15T17:26:01,3992,70.7
16-12-2023,5,23.5,7.8,16.3,16.3,26.5,4.3,50.6,12,2023-12-16T07:06:42,2023-12-16T17:26:23,4003,70.5
17-12-2023,6,23.6,8.1,15.8,15.8,0,8,64.3,12.5,2023-12-17T07:07:18,2023-12-17T17:26:45,4097,68.7
18-12-2023,0,21.5,8.7,14.6,14.5,0,8.9,71.5,12.7,2023-12-18T07:07:53,2023-12-18T17:27:10,4096,71.2
19-12-2023,1,22.1,8,14.5,14.4,6.1,7,64.9,12.7,2023-12-19T07:08:27,2023-12-19T17:27:35,4154,73.1
20-12-2023,2,21,8.4,14.2,14.2,35.1,8,68.6,12.4,2023-12-20T07:09:00,2023-12-20T17:28:02,4338,74.6
21-12-2023,3,22,8,14.3,14.3,33.3,9.3,75.2,11.9,2023-12-21T07:09:32,2023-12-21T17:28:30,4287,74.1
22-12-2023,4,21.9,8,14.3,14.3,15.7,9.7,76.1,12.5,2023-12-22T07:10:02,2023-12-22T17:29:00,4570,75.9
23-12-2023,5,23,11.8,16.3,16.3,36.8,10.6,72.6,12.1,2023-12-23T07:10:31,2023-12-23T17:29:31,4253,71.7
24-12-2023,6,23.7,10,16,16,12.8,11.5,77.6,12,2023-12-24T07:10:59,2023-12-24T17:30:03,4253,68.9
25-12-2023,0,22,11,14.8,14.8,27.6,11.3,81.7,12.4,2023-12-25T07:11:26,2023-12-25T17:30:36,4358,71.1
26-12-2023,1,23,8,14.1,14.1,34.4,10.7,83.8,11.3,2023-12-26T07:11:51,2023-12-26T17:31:11,4382,73.8
27-12-2023,2,19.5,10.3,13,13,59.6,11.6,91.9,12.6,2023-12-27T07:12:16,2023-12-27T17:31:46,4500,76.7
28-12-2023,3,19.5,9.3,12.8,12.7,52.3,11.3,91.1,12.8,2023-12-28T07:12:38,2023-12-28T17:32:23,4515,76.5
29-12-2023,4,18.6,12,13.8,13.8,56.7,12.8,93.9,12.5,2023-12-29T07:13:00,2023-12-29T17:33:00,4813,80
30-12-2023,5,19.4,12.8,14.6,14.6,39.7,12.9,90,9.8,2023-12-30T07:13:19,2023-12-30T17:33:39,4441,75.2
31-12-2023,6,16,11.5,13.3,13.3,39.2,11.1,87,12.8,2023-12-31T07:13:38,2023-12-31T17:34:19,4600,73
01-01-2024,0,16.1,10.3,12.1,12.1,1.7,9,81.7,13.1,2024-01-01T07:13:55,2024-01-01T17:34:59,5062,79.6
02-01-2024,1,16.3,9,11.2,11,0,8,82.2,13.2,2024-01-02T07:14:11,2024-01-02T17:35:41,4881,80.1
03-01-2024,2,15.1,8.8,10.8,10.6,16.7,8.7,87.8,13,2024-01-03T07:14:25,2024-01-03T17:36:23,5250,84.9
04-01-2024,3,11.5,8,10.1,9.7,66.7,9,92.7,12.9,2024-01-04T07:14:37,2024-01-04T17:37:06,5159,87.6
05-01-2024,4,14,10,12,12,41.7,10.8,92.9,13.1,2024-01-05T07:14:48,2024-01-05T17:37:50,5413,90.4
06-01-2024,5,15,8.8,12.1,12.1,4.6,9.5,84.9,13.1,2024-01-06T07:14:57,2024-01-06T17:38:35,5100,85.5
07-01-2024,6,17.3,8.4,11.6,11.5,20.6,8.3,81.2,13.2,2024-01-07T07:15:05,2024-01-07T17:39:20,5087,81.7
08-01-2024,0,15,7.5,10.9,10.8,8.8,9,88.1,13.1,2024-01-08T07:15:12,2024-01-08T17:40:06,5256,88.4
09-01-2024,1,13,9.5,10.9,10.6,51.1,9.4,90.8,12.8,2024-01-09T07:15:16,2024-01-09T17:40:52,5372,91.3
10-01-2024,2,13.4,8,9.7,8.7,0,7.6,87.4,13.4,2024-01-10T07:15:19,2024-01-10T17:41:39,5526,92.9
11-01-2024,3,16.7,7,10.6,10,12.5,7.7,83.4,13.7,2024-01-11T07:15:21,2024-01-11T17:42:27,5370,92.7
12-01-2024,4,17.6,5.5,10.2,9.7,34.1,7.1,83.5,13.4,2024-01-12T07:15:21,2024-01-12T17:43:15,5665,95.4
13-01-2024,5,17,5.6,10.9,10.9,46.7,8.6,86.7,11.2,2024-01-13T07:15:19,2024-01-13T17:44:03,5316,87.3
14-01-2024,6,17.3,6.2,10.8,10.7,54.5,8.2,85.6,14.2,2024-01-14T07:15:16,2024-01-14T17:44:52,5442,85.8
15-01-2024,0,17.6,5,10.4,9.9,42.9,6.7,80.7,14.2,2024-01-15T07:15:11,2024-01-15T17:45:41,5454,90.1
16-01-2024,1,18,5.5,10.2,9.5,34.6,8.1,88.4,14.1,2024-01-16T07:15:04,2024-01-16T17:46:31,5376,91.9
17-01-2024,2,18,6,10.8,10.4,24.6,7.5,82.6,14.1,2024-01-17T07:14:56,2024-01-17T17:47:20,5523,93
18-01-2024,3,18,7,10.6,10.3,54.6,8.2,86.7,13.8,2024-01-18T07:14:46,2024-01-18T17:48:10,5414,91.9
19-01-2024,4,15,7,10,9.6,66.7,8.2,89.6,13.9,2024-01-19T07:14:35,2024-01-19T17:49:00,5769,97
20-01-2024,5,17,7.5,11.5,11.3,50.8,8.3,82.3,14.1,2024-01-20T07:14:22,2024-01-20T17:49:50,5282,90.7
21-01-2024,6,14.1,6,9.3,8.4,47.4,7.6,90.1,14.4,2024-01-21T07:14:08,2024-01-21T17:50:41,5430,87.5
22-01-2024,0,17,7,10.5,10.2,52.6,7.3,82.7,13.9,2024-01-22T07:13:51,2024-01-22T17:51:31,5746,90.6
23-01-2024,1,17.6,8,11.9,11.6,70.5,9.2,84.9,14.4,2024-01-23T07:13:34,2024-01-23T17:52:22,5391,91.4
24-01-2024,2,16,8.6,11.5,11.3,58.1,9,85.8,14.4,2024-01-24T07:13:14,2024-01-24T17:53:12,5640,92
25-01-2024,3,18.4,7,10.9,10.6,60.7,8.6,87.1,11.6,2024-01-25T07:12:54,2024-01-25T17:54:03,5520,92
26-01-2024,4,21,6.5,12.4,12.4,32.8,7.5,76.3,14.8,2024-01-26T07:12:31,2024-01-26T17:54:53,4847,78.7
27-01-2024,5,23.3,6.5,14,14,9.9,6.7,68.3,14.6,2024-01-27T07:12:07,2024-01-27T17:55:43,4968,79.4
28-01-2024,6,19,8.3,13.3,13.3,47.3,9.3,78,9.3,2024-01-28T07:11:42,2024-01-28T17:56:33,5020,81.5
29-01-2024,0,22,9,14.1,13.9,20.8,11.1,84.1,14.5,2024-01-29T07:11:15,2024-01-29T17:57:23,5122,85.4
30-01-2024,1,19.5,10,12.7,12.7,67,11.4,92.2,14.9,2024-01-30T07:10:47,2024-01-30T17:58:13,5176,86.8
31-01-2024,2,16,9.2,12.8,12.8,95.3,12.1,96.2,7.6,2024-01-31T07:10:17,2024-01-31T17:59:03,5296,88.7
01-02-2024,3,18,13.2,15.2,15.2,75.7,14.2,94.1,8.6,2024-02-01T07:09:46,2024-02-01T17:59:52,4993,84.7
02-02-2024,4,17,9.5,12.9,12.9,65.8,11.9,94.1,15.5,2024-02-02T07:09:13,2024-02-02T18:00:42,5338,87.3
03-02-2024,5,21.7,7,13.9,13.7,77.7,8.6,74.5,12.4,2024-02-03T07:08:39,2024-02-03T18:01:31,4893,80.7
04-02-2024,6,20,13,16.1,16.1,87.5,13.9,87.1,9.2,2024-02-04T07:08:03,2024-02-04T18:02:19,4861,75.7
05-02-2024,0,20,12.3,16.1,16.1,56.7,13.1,83.7,11.4,2024-02-05T07:07:27,2024-02-05T18:03:08,4803,79.6
06-02-2024,1,19.5,9,13.5,13.3,31,7.9,72.9,16.2,2024-02-06T07:06:48,2024-02-06T18:03:56,4793,79.5
07-02-2024,2,20.1,9.5,13.5,13.5,32.1,6.9,67.7,15.8,2024-02-07T07:06:09,2024-02-07T18:04:44,4764,82.3
08-02-2024,3,21,8,14.3,13.9,18.9,7,66.3,15.4,2024-02-08T07:05:28,2024-02-08T18:05:31,4701,80.9
09-02-2024,4,22.7,9,15,14.8,0,5.6,57.8,16.9,2024-02-09T07:04:46,2024-02-09T18:06:18,4840,79.9
10-02-2024,5,22.5,7.8,14.9,14.9,0,8.5,69.6,17,2024-02-10T07:04:03,2024-02-10T18:07:05,4573,74.8
11-02-2024,6,23.2,9,15.2,15.1,16.7,9.6,73.7,17.1,2024-02-11T07:03:19,2024-02-11T18:07:51,4521,71.9
12-02-2024,0,22.2,9.6,15.6,15.6,36.1,11.5,79.1,14.7,2024-02-12T07:02:33,2024-02-12T18:08:37,4497,75.4
13-02-2024,1,22,10.5,15.9,15.9,65.4,12.1,80.5,12.9,2024-02-13T07:01:46,2024-02-13T18:09:23,4465,76.6
14-02-2024,2,23.1,11,16.7,16.7,36.6,11.8,76.4,17.4,2024-02-14T07:00:58,2024-02-14T18:10:08,4673,76.4
15-02-2024,3,24.7,10.8,17,17,0,10.3,71,17.8,2024-02-15T07:00:09,2024-02-15T18:10:53,4267,74.1
16-02-2024,4,25.7,9.6,17.3,17.3,0,8.2,63.4,17.8,2024-02-16T06:59:19,2024-02-16T18:11:37,4498,74.9
17-02-2024,5,25.5,9.7,17.2,17.2,4.1,8.4,62,18.1,2024-02-17T06:58:28,2024-02-17T18:12:21,4130,68.6
18-02-2024,6,28.6,10.7,19.2,19.1,24.9,9.7,59.7,14.5,2024-02-18T06:57:36,2024-02-18T18:13:05,4113,67
19-02-2024,0,27.3,15.7,21,21,35.8,11.6,56.8,17.4,2024-02-19T06:56:43,2024-02-19T18:13:48,4081,70.5
20-02-2024,1,27,16,21,21,65.3,15.1,72.4,17.5,2024-02-20T06:55:48,2024-02-20T18:14:31,4049,71.4
21-02-2024,2,26,14,19.4,19.4,31,12,66.5,18.4,2024-02-21T06:54:53,2024-02-21T18:15:13,4144,73.3
22-02-2024,3,25.4,13.8,19.1,19.1,27,6.9,50.1,17.9,2024-02-22T06:53:57,2024-02-22T18:15:55,4019,72.4
23-02-2024,4,23.5,10,16.9,16.9,0,5.7,51.3,18.9,2024-02-23T06:53:00,2024-02-23T18:16:37,4168,74.3
24-02-2024,5,24.1,10.9,17.4,17.4,34,5.2,50.2,17.3,2024-02-24T06:52:03,2024-02-24T18:17:18,3952,70.2
25-02-2024,6,25.3,10.9,18.3,18.3,45.2,3.9,44.8,17.6,2024-02-25T06:51:04,2024-02-25T18:17:59,4067,67.9
26-02-2024,0,24.6,12.6,18.8,18.8,53,4.5,42.8,13.8,2024-02-26T06:50:05,2024-02-26T18:18:39,3943,71
27-02-2024,1,24,14.2,18.8,18.8,52.8,7.6,51.5,13.3,2024-02-27T06:49:05,2024-02-27T18:19:19,4059,71.5
28-02-2024,2,24.6,12,18,18,0,10,63.5,19.3,2024-02-28T06:48:04,2024-02-28T18:19:59,4089,71.5
29-02-2024,3,26,12,19.1,19.1,9.4,10.1,59.5,19.5,2024-02-29T06:47:02,2024-02-29T18:20:38,4014,72
01-03-2024,4,29,13.8,21.6,21.4,46.7,11.2,56.6,14.9,2024-03-01T06:46:00,2024-03-01T18:21:17,4114,73
02-03-2024,5,24.4,18,21.2,21.2,82.4,15.5,70.5,13,2024-03-02T06:44:57,2024-03-02T18:21:56,3699,68.1
03-03-2024,6,24.8,15.7,19.4,19.4,65.8,10.9,62.3,11.8,2024-03-03T06:43:54,2024-03-03T18:22:34,3838,66.7
04-03-2024,0,23.7,11.8,17.9,17.9,19.6,4.3,46.8,20.3,2024-03-04T06:42:50,2024-03-04T18:23:12,3918,63
05-03-2024,1,22.6,11,16.7,16.7,37.1,5.3,49.7,20.1,2024-03-05T06:41:45,2024-03-05T18:23:49,4028,69.8
06-03-2024,2,22.2,10,16.4,16.4,61.6,5.7,51.5,17.5,2024-03-06T06:40:40,2024-03-06T18:24:27,4191,71.2
07-03-2024,3,25.3,11.5,18.7,18.7,37.3,7.3,51.2,20.5,2024-03-07T06:39:34,2024-03-07T18:25:03,4022,68.4
08-03-2024,4,26.8,12.6,19.9,19.9,3.9,8.4,50.7,20.9,2024-03-08T06:38:28,2024-03-08T18:25:40,4419,70.6
09-03-2024,5,26,12,19,19,10.3,8.1,53.4,21,2024-03-09T06:37:22,2024-03-09T18:26:16,3744,66
10-03-2024,6,27.5,12,19.8,19.8,41.9,8.5,52.3,17.3,2024-03-10T06:36:15,2024-03-10T18:26:53,3755,64.3
11-03-2024,0,30.2,16,23.2,22.8,21,9.9,47.4,20.9,2024-03-11T06:35:07,2024-03-11T18:27:28,3908,69.3
12-03-2024,1,29.6,16.3,22.9,22.7,13.1,11.1,50.4,20.6,2024-03-12T06:34:00,2024-03-12T18:28:04,3811,69.7
13-03-2024,2,30.2,15.1,22.3,22,39.5,11.5,54.9,18.6,2024-03-13T06:32:52,2024-03-13T18:28:39,3854,70.8
14-03-2024,3,29.3,16.2,23,22.7,27.5,11.6,53,21.4,2024-03-14T06:31:43,2024-03-14T18:29:14,3752,70.7
15-03-2024,4,28,14,21.4,21.2,2.9,7.4,45.6,22.4,2024-03-15T06:30:35,2024-03-15T18:29:49,3956,71.3
16-03-2024,5,29,14.6,21.6,21.3,24.8,8.1,45.9,21.1,2024-03-16T06:29:26,2024-03-16T18:30:24,3619,67.6
17-03-2024,6,29.7,14.3,21.9,21.5,35.8,9.3,49,19.7,2024-03-17T06:28:17,2024-03-17T18:30:59,3582,65.1
18-03-2024,0,29.6,14,21.8,21.5,20.6,9.6,50.6,22.6,2024-03-18T06:27:08,2024-03-18T18:31:33,3754,69.5
19-03-2024,1,30.2,14.6,23,22.6,6,10.2,49.2,22.6,2024-03-19T06:25:58,2024-03-19T18:32:07,3762,71.9
20-03-2024,2,33,16.1,24.3,23.7,6.2,11.1,49.4,22.6,2024-03-20T06:24:49,2024-03-20T18:32:41,3860,74.8
21-03-2024,3,28.7,17.9,23.1,23.1,26.8,15,62.3,20.4,2024-03-21T06:23:39,2024-03-21T18:33:15,3692,72.9
22-03-2024,4,33,19,25.3,25.2,16.1,15.7,58.9,22.4,2024-03-22T06:22:29,2024-03-22T18:33:49,4090,76.2
23-03-2024,5,33,18.9,26.5,25.9,14.2,13.8,51.1,22.7,2024-03-23T06:21:20,2024-03-23T18:34:23,3750,72.6
24-03-2024,6,29,19,24.6,24.5,68.1,14.2,54.6,16.2,2024-03-24T06:20:10,2024-03-24T18:34:57,3405,66.3
25-03-2024,0,32.5,17.4,24.9,24.7,15.5,15,58.7,23,2024-03-25T06:19:00,2024-03-25T18:35:30,2682,55.7
26-03-2024,1,34,19,26.4,25.9,35,13.8,50.7,18,2024-03-26T06:17:51,2024-03-26T18:36:04,3453,67.9
27-03-2024,2,36,22,29,28.7,49.9,14.7,44.3,22.6,2024-03-27T06:16:41,2024-03-27T18:36:37,3892,77.5
28-03-2024,3,36,23,29.7,29.3,59.5,14.2,40.9,20.4,2024-03-28T06:15:32,2024-03-28T18:37:10,4020,82.2
29-03-2024,4,36,21,28.8,28.9,55.3,16.7,51.4,20.2,2024-03-29T06:14:22,2024-03-29T18:37:44,4177,84.3
30-03-2024,5,34,24,29.5,29.6,41.9,16.3,46.1,22.8,2024-03-30T06:13:13,2024-03-30T18:38:17,4040,84.8
31-03-2024,6,35,23,28.8,28.2,19.8,13.8,44.4,23.8,2024-03-31T06:12:04,2024-03-31T18:38:50,3829,82.3
01-04-2024,0,31,19,25.3,24.7,44.1,11.6,49.2,18.9,2024-04-01T06:10:55,2024-04-01T18:39:24,3976,83.2
02-04-2024,1,33,18.3,26.2,25.4,41.2,8.7,36,23.4,2024-04-02T06:09:46,2024-04-02T18:39:57,3922,82.5
03-04-2024,2,36,19.4,28.2,27.2,53.4,9.2,34.2,21.7,2024-04-03T06:08:38,2024-04-03T18:40:31,4089,85.4
04-04-2024,3,36.1,22.1,29.7,28.7,46,9.7,31.3,23.2,2024-04-04T06:07:30,2024-04-04T18:41:04,4293,89
05-04-2024,4,36,22.5,29.8,28.8,67.8,9.7,30.8,19.2,2024-04-05T06:06:22,2024-04-05T18:41:37,4413,90.1
06-04-2024,5,34.5,21,28.6,27.6,18.6,7.9,29.2,24.9,2024-04-06T06:05:15,2024-04-06T18:42:11,4070,86.7
07-04-2024,6,36,19,28,26.9,2.3,6.3,28.3,25.5,2024-04-07T06:04:08,2024-04-07T18:42:44,3757,82.1
08-04-2024,0,36.1,19.9,28.9,27.8,4.6,7.5,28.9,25.2,2024-04-08T06:03:01,2024-04-08T18:43:18,4317,88.6
09-04-2024,1,37,20.2,29.5,28.2,37.2,6.1,26.2,22,2024-04-09T06:01:55,2024-04-09T18:43:52,4307,91.3
10-04-2024,2,37.3,19.4,29.6,28.4,5.1,7.3,28.5,25.6,2024-04-10T06:00:49,2024-04-10T18:44:25,4345,92.2
11-04-2024,3,38,21.9,30,29.1,37.7,9.8,31.3,24.5,2024-04-11T05:59:43,2024-04-11T18:44:59,4188,91.1
12-04-2024,4,38.4,23,30.9,29.9,37,10.5,31.3,24,2024-04-12T05:58:38,2024-04-12T18:45:33,4683,96.8
13-04-2024,5,38.4,24.9,29.3,28.8,62.4,13,40.1,22.4,2024-04-13T05:57:34,2024-04-13T18:46:07,4343,90.8
14-04-2024,6,31.3,24,26.4,26.6,85.4,17.2,57.8,17.1,2024-04-14T05:56:30,2024-04-14T18:46:41,3737,83.5
15-04-2024,0,34,23.1,28.6,28.7,76.6,17.4,53.8,16.9,2024-04-15T05:55:27,2024-04-15T18:47:16,4386,92
16-04-2024,1,35,25,29.9,29.2,37.6,12.9,38.9,23.4,2024-04-16T05:54:24,2024-04-16T18:47:50,4532,94
17-04-2024,2,35,22,29.1,27.8,28.2,7.4,28.5,25.8,2024-04-17T05:53:22,2024-04-17T18:48:25,4680,96.2
18-04-2024,3,38,23,31,29.8,47.2,8.4,25.9,23.5,2024-04-18T05:52:21,2024-04-18T18:48:59,4780,97.2
19-04-2024,4,38,26.7,32.5,31.8,42.4,12.9,32,23.9,2024-04-19T05:51:20,2024-04-19T18:49:34,5036,104.3
20-04-2024,5,36.3,24.9,30.9,30.2,19.7,13.3,36.2,25.6,2024-04-20T05:50:20,2024-04-20T18:50:09,4640,100.5
21-04-2024,6,36,25,31,30.2,36.2,12.3,33.7,23.6,2024-04-21T05:49:21,2024-04-21T18:50:44,4552,94.2
22-04-2024,0,36.5,25,31,30,43.2,11.1,31.8,18.6,2024-04-22T05:48:22,2024-04-22T18:51:19,4884,101.9
23-04-2024,1,36.5,22.9,29.2,28.5,43.2,12.9,40.5,25.1,2024-04-23T05:47:25,2024-04-23T18:51:54,5002,101.7
24-04-2024,2,37,20.6,29.6,28.7,19.9,12.7,41.4,26.2,2024-04-24T05:46:28,2024-04-24T18:52:30,4857,99.5
25-04-2024,3,39,22,31.4,30.1,22,9.8,31.1,26.3,2024-04-25T05:45:32,2024-04-25T18:53:05,5074,105.1
26-04-2024,4,40,23.4,31.8,30.8,44.4,11.9,33.9,26.2,2024-04-26T05:44:36,2024-04-26T18:53:41,5333,108.8
27-04-2024,5,38,24.8,31.5,30.9,37,13.9,37.7,26.2,2024-04-27T05:43:42,2024-04-27T18:54:17,4963,106.1
28-04-2024,6,37.2,24.8,31.2,30.2,49.5,11,31.6,23.2,2024-04-28T05:42:48,2024-04-28T18:54:52,4984,100.1
29-04-2024,0,37.9,24.1,30.9,30.2,46.4,13.2,36,25.7,2024-04-29T05:41:56,2024-04-29T18:55:28,5301,108.4
30-04-2024,1,36,23,29.7,28.6,10.4,8.4,30.2,27.5,2024-04-30T05:41:04,2024-04-30T18:56:04,5016,105.5
01-05-2024,2,33,22,28.2,27,0,2,20.8,27.5,2024-05-01T05:40:13,2024-05-01T18:56:41,4724,98.5
02-05-2024,3,35.2,20.4,28.7,27.5,11.1,5.8,25.1,26.8,2024-05-02T05:39:24,2024-05-02T18:57:17,4800,98.8
03-05-2024,4,38,20.3,30.3,28.9,40.4,6,24.7,25.9,2024-05-03T05:38:35,2024-05-03T18:57:53,5020,102.8
04-05-2024,5,40,24.8,32.7,31.2,56.1,7.8,23.9,24.2,2024-05-04T05:37:47,2024-05-04T18:58:29,5096,105.7
05-05-2024,6,41,24.8,33.8,32.3,15.8,9,24.4,26.9,2024-05-05T05:37:01,2024-05-05T18:59:06,5366,106.8
06-05-2024,0,40.1,26,34.1,33.2,15.6,11.8,27.8,26.7,2024-05-06T05:36:15,2024-05-06T18:59:42,6026,119.6
07-05-2024,1,41.4,25.6,34.2,34.3,38.8,14.3,33.1,26.9,2024-05-07T05:35:31,2024-05-07T19:00:19,6427,126.9
08-05-2024,2,36.5,28,32.2,34.6,17.2,20.2,50.2,26.5,2024-05-08T05:34:47,2024-05-08T19:00:55,6310,128.6
09-05-2024,3,37.1,26,31.7,33.3,0,19,48.3,26.5,2024-05-09T05:34:05,2024-05-09T19:01:32,6210,127.3
10-05-2024,4,38.1,28,32.6,35.1,23.2,20,49,26.4,2024-05-10T05:33:24,2024-05-10T19:02:08,6414,127.4
11-05-2024,5,38,26,31.8,32.1,55.2,16.3,41.4,25.7,2024-05-11T05:32:44,2024-05-11T19:02:45,5697,115.7
12-05-2024,6,39,27,33,33.9,43.5,17.3,41.2,24.8,2024-05-12T05:32:05,2024-05-12T19:03:21,6078,119.5
13-05-2024,0,40,28,34,34.2,39.4,14.5,34.5,27.2,2024-05-13T05:31:28,2024-05-13T19:03:57,6253,129.9
14-05-2024,1,40.2,25.2,33.8,32.6,17.5,10.9,29.9,27.7,2024-05-14T05:30:52,2024-05-14T19:04:33,6176,127.7
15-05-2024,2,41,24.9,34.2,32.7,0,9.4,25,27.8,2024-05-15T05:30:17,2024-05-15T19:05:10,6387,129.3
16-05-2024,3,42,27,35,34.7,0,13.4,29.6,27.7,2024-05-16T05:29:43,2024-05-16T19:05:46,6756,134.8
17-05-2024,4,44,27.1,36.9,36.4,10.5,12.2,26,27.8,2024-05-17T05:29:10,2024-05-17T19:06:21,6944,139.7
18-05-2024,5,44,28.2,37.1,36.7,12.7,12.7,25.9,27.6,2024-05-18T05:28:39,2024-05-18T19:06:57,7024,141.6
19-05-2024,6,45,29.3,38.1,37.6,12.3,12,23.2,27.5,2024-05-19T05:28:09,2024-05-19T19:07:32,7033,138.5
20-05-2024,0,44,30.1,37.9,37.3,29.7,12,23.2,27.5,2024-05-20T05:27:40,2024-05-20T19:08:08,7481,152.4
21-05-2024,1,42,31,35.8,38.4,22.9,19.5,40.2,27.2,2024-05-21T05:27:13,2024-05-21T19:08:43,7703,158.4
22-05-2024,2,41.7,31.2,36,40.4,16,21.5,44,27.5,2024-05-22T05:26:47,2024-05-22T19:09:17,7916,160.8
23-05-2024,3,40,30.9,35.2,39.1,19.7,21.2,45,27.1,2024-05-23T05:26:22,2024-05-23T19:09:52,7648,157.7
24-05-2024,4,40.7,31,35.4,39,3.1,20.8,43.7,26.9,2024-05-24T05:25:58,2024-05-24T19:10:26,7774,157.7
25-05-2024,5,43,31,37.3,39.6,7.2,18.2,35.8,27.1,2024-05-25T05:25:36,2024-05-25T19:11:00,7558,144.1
26-05-2024,6,44.5,28.1,37.9,38.1,0,14.2,26.9,27.8,2024-05-26T05:25:16,2024-05-26T19:11:33,7597,145.8
27-05-2024,0,45,30.3,38.6,38.4,0.4,13.3,24.9,28,2024-05-27T05:24:56,2024-05-27T19:12:06,7897,161.1
28-05-2024,1,46,28.8,38.6,38.5,0,10.6,23.7,28.3,2024-05-28T05:24:38,2024-05-28T19:12:38,7799,161.7
29-05-2024,2,47.9,30.5,38,38.4,22.6,14.2,26.6,28,2024-05-29T05:24:21,2024-05-29T19:13:10,8188,163.4
30-05-2024,3,46,32.1,39.1,39,24,11.8,22.9,27.6,2024-05-30T05:24:06,2024-05-30T19:13:42,8017,162.7
31-05-2024,4,46,29.9,38.6,38.7,16,12.6,24.8,28,2024-05-31T05:23:52,2024-05-31T19:14:13,7925,163.8
01-06-2024,5,43.6,31.7,36.5,36.1,64.6,14,27.3,27.6,2024-06-01T05:23:40,2024-06-01T19:14:43,7915,154.2
02-06-2024,6,42.1,30.8,36.7,36.8,53.7,15,29.1,26.3,2024-06-02T05:23:28,2024-06-02T19:15:13,7233,144.6
03-06-2024,0,44,30.8,37.2,37.4,22.7,14.8,29.1,27.1,2024-06-03T05:23:18,2024-06-03T19:15:42,7805,155.3
04-06-2024,1,44,31,37,38.3,48.5,16.9,32.4,25.2,2024-06-04T05:23:10,2024-06-04T19:16:11,7772,156.2
05-06-2024,2,44,29.8,37.8,38.3,30.9,15.4,28.2,26.7,2024-06-05T05:23:03,2024-06-05T19:16:38,7892,159
06-06-2024,3,40.7,26.7,33.8,34.6,28.9,16.8,39.4,26.8,2024-06-06T05:22:57,2024-06-06T19:17:06,7395,146.8
07-06-2024,4,42,28.8,35.6,35.4,25.8,14.2,29.9,27.2,2024-06-07T05:22:52,2024-06-07T19:17:32,7349,147.4
08-06-2024,5,41,30.4,35.8,35.7,34,14.5,29.4,27.5,2024-06-08T05:22:49,2024-06-08T19:17:57,7340,143
09-06-2024,6,42,28.4,36,34.8,4.6,11.3,25.3,28.1,2024-06-09T05:22:47,2024-06-09T19:18:22,6992,136.7
10-06-2024,0,43.2,30.9,37.3,36.3,23.1,11.8,23.4,28,2024-06-10T05:22:47,2024-06-10T19:18:46,7400,150.4
11-06-2024,1,44,29.5,37.2,36.4,31.3,11.8,23.9,28.2,2024-06-11T05:22:47,2024-06-11T19:19:09,7556,154.1
12-06-2024,2,44.1,30.4,37.6,37,14.9,12.1,24,28.2,2024-06-12T05:22:49,2024-06-12T19:19:31,7677,157.3
13-06-2024,3,45,31.3,38.8,38.6,34.8,12.9,23.3,27.4,2024-06-13T05:22:52,2024-06-13T19:19:53,7897,163.5
14-06-2024,4,44,33,37.8,38.4,47.8,16.1,28.6,23.8,2024-06-14T05:22:57,2024-06-14T19:20:13,8088,164.8
15-06-2024,5,45,32,38.3,38.8,26.9,15.5,27.8,27.4,2024-06-15T05:23:03,2024-06-15T19:20:32,7680,158
16-06-2024,6,45,33,39.1,40.1,11.9,16.1,27.6,27.3,2024-06-16T05:23:09,2024-06-16T19:20:51,7786,154.8
17-06-2024,0,45,34,39.5,41,17.3,17.5,28.7,27.4,2024-06-17T05:23:18,2024-06-17T19:21:08,8155,163.9
18-06-2024,1,44,34.8,39.5,42.2,23.5,18.9,31.1,26.3,2024-06-18T05:23:27,2024-06-18T19:21:24,8568,177.7
19-06-2024,2,43,32.4,38.9,42.4,35,19.5,33.1,24.6,2024-06-19T05:23:37,2024-06-19T19:21:39,8548,176.2
20-06-2024,3,38.7,29.7,33.7,36.6,55.3,20.2,45.9,27.1,2024-06-20T05:23:49,2024-06-20T19:21:53,7710,159.3
21-06-2024,4,38,27,31.9,36.3,65,22.8,60.4,26.5,2024-06-21T05:24:01,2024-06-21T19:22:06,7642,150.3
22-06-2024,5,38.6,29,33.2,38.1,62.1,22.8,55.7,25.2,2024-06-22T05:24:15,2024-06-22T19:22:17,6900,142.5
23-06-2024,6,39.1,30,33.5,40.4,62.5,24.2,59.2,17,2024-06-23T05:24:30,2024-06-23T19:22:28,7262,142.1
24-06-2024,0,38.3,30,33.2,41.5,85.8,25.4,65.3,24.3,2024-06-24T05:24:46,2024-06-24T19:22:37,7472,153
25-06-2024,1,38.9,29.1,33.8,42.4,78.9,25.5,63.3,24,2024-06-25T05:25:02,2024-06-25T19:22:45,7592,154.5
26-06-2024,2,36.2,30,33,41.7,82.9,25.7,66,19.5,2024-06-26T05:25:20,2024-06-26T19:22:52,7695,156.1
27-06-2024,3,35.4,27,31.1,39.1,77.7,26.1,76.4,6.5,2024-06-27T05:25:39,2024-06-27T19:22:58,7145,143.6
28-06-2024,4,32.3,25,28.9,35,79.6,26.3,86.7,7.7,2024-06-28T05:25:59,2024-06-28T19:23:02,6694,127.6
29-06-2024,5,34.7,28.4,30.3,39.6,73.1,27.2,84.1,12.9,2024-06-29T05:26:19,2024-06-29T19:23:05,6125,129.3
30-06-2024,6,36.6,28.6,32.6,43.9,66.3,27.6,76.1,23,2024-06-30T05:26:41,2024-06-30T19:23:06,6777,131.8
01-07-2024,0,35.2,29,32.1,41.4,65.8,26.4,72.6,21.7,2024-07-01T05:27:03,2024-07-01T19:23:07,7196,142.4
02-07-2024,1,36,30.8,33,43.1,88.5,26.6,70,22.3,2024-07-02T05:27:26,2024-07-02T19:23:06,7250,149
03-07-2024,2,34,25.5,29.5,37.2,81.7,27,87.2,11.3,2024-07-03T05:27:50,2024-07-03T19:23:03,6835,138.1
04-07-2024,3,31.3,26,28.6,35.4,85.5,26.8,90.2,21.4,2024-07-04T05:28:14,2024-07-04T19:23:00,6055,127.7
05-07-2024,4,32.4,28,29.6,38.3,82.7,27.3,87.4,17.5,2024-07-05T05:28:40,2024-07-05T19:22:54,6246,127.4
06-07-2024,5,33.8,28,29.7,37.8,84,26.9,85.4,17.1,2024-07-06T05:29:06,2024-07-06T19:22:48,5947,123.8
07-07-2024,6,34.5,26.9,29.8,35.2,71.3,24.9,76.4,13.5,2024-07-07T05:29:32,2024-07-07T19:22:40,5579,115
08-07-2024,0,31.1,26,28.3,32.6,61.7,25,83.2,18.1,2024-07-08T05:30:00,2024-07-08T19:22:31,5735,119.6
09-07-2024,1,32,27.9,29.6,38,70.2,27.1,87,16.5,2024-07-09T05:30:27,2024-07-09T19:22:20,5968,125.7
10-07-2024,2,36,28,30.8,41.1,80.2,27.7,85,17.7,2024-07-10T05:30:56,2024-07-10T19:22:08,6313,132.5
11-07-2024,3,39.2,28.3,33.5,44.3,55.4,27.1,72.2,25.4,2024-07-11T05:31:25,2024-07-11T19:21:55,7448,144.9
12-07-2024,4,33.8,29,31.4,37.1,74.1,23.9,64.7,16.8,2024-07-12T05:31:54,2024-07-12T19:21:40,7079,140.5
13-07-2024,5,35,27,30.3,37.5,66.7,25.9,77.9,24.6,2024-07-13T05:32:24,2024-07-13T19:21:24,6470,131.1
14-07-2024,6,35.6,28.9,32.3,41.5,59.6,26.5,73.1,26.1,2024-07-14T05:32:54,2024-07-14T19:21:06,6780,131.4
15-07-2024,0,34,25,31.3,41.4,57.6,27.2,79.3,25.7,2024-07-15T05:33:25,2024-07-15T19:20:47,6900,142.1
16-07-2024,1,37.4,30,33.2,44.8,49.8,27.5,73.5,20.9,2024-07-16T05:33:56,2024-07-16T19:20:26,7375,150.4
17-07-2024,2,36,30.9,32.7,45.1,41.9,28,77.1,25.8,2024-07-17T05:34:28,2024-07-17T19:20:05,7267,151.7
18-07-2024,3,35.6,26,31,41.7,67.3,27.8,83.6,21,2024-07-18T05:35:00,2024-07-18T19:19:41,7031,149.3
19-07-2024,4,35,28.2,31.5,43.1,55.1,28.1,82.9,19.7,2024-07-19T05:35:32,2024-07-19T19:19:17,7316,149.1
20-07-2024,5,36.9,28,32.4,42.4,46.1,27,75.1,16.7,2024-07-20T05:36:04,2024-07-20T19:18:51,7194,144.7
21-07-2024,6,36,29.4,32.6,45,64,28,77,11.1,2024-07-21T05:36:37,2024-07-21T19:18:24,7123,145.8
22-07-2024,0,35.3,27.6,30.9,41.7,70.2,27.9,84.8,18.6,2024-07-22T05:37:09,2024-07-22T19:17:55,6922,148.2
23-07-2024,1,34.7,28.8,31.4,43.7,56.3,28.4,84.5,22.8,2024-07-23T05:37:42,2024-07-23T19:17:25,7095,147.2
24-07-2024,2,33,26,30,39.2,74.6,27.6,87.5,22,2024-07-24T05:38:16,2024-07-24T19:16:54,6920,142.4
25-07-2024,3,35.6,27.5,31.2,42.2,70.3,27.9,83.8,23.8,2024-07-25T05:38:49,2024-07-25T19:16:21,7036,144.3
26-07-2024,4,33,27.1,30.9,42,84.6,28.1,85.7,22.6,2024-07-26T05:39:22,2024-07-26T19:15:47,6949,145.3
27-07-2024,5,35,29,31.3,43.5,78.6,28.5,85.7,19.1,2024-07-27T05:39:56,2024-07-27T19:15:12,6853,143.6
28-07-2024,6,37,28.8,33,44.3,57,27.5,74.6,23.1,2024-07-28T05:40:30,2024-07-28T19:14:36,7123,141.9
29-07-2024,0,37.5,30,33.6,45,44.6,27.2,70.6,24.6,2024-07-29T05:41:03,2024-07-29T19:13:58,7730,155.1
30-07-2024,1,39,31,34.4,46.7,49.5,27.5,68.8,23,2024-07-30T05:41:37,2024-07-30T19:13:19,7862,163.1
31-07-2024,2,37,25.5,31.9,41.9,74.2,27.4,78.7,13.1,2024-07-31T05:42:11,2024-07-31T19:12:39,8097,157.2
01-08-2024,3,32.5,25,28.8,34.2,91.4,26,85.6,12.5,2024-08-01T05:42:44,2024-08-01T19:11:57,6475,134.7
02-08-2024,4,32.5,27.5,29.7,38.4,79.3,27.1,86.3,18.1,2024-08-02T05:43:18,2024-08-02T19:11:15,6405,137.9
03-08-2024,5,34.2,28,30.3,38.5,66.6,26.6,81.5,22.8,2024-08-03T05:43:52,2024-08-03T19:10:31,6292,132.6
04-08-2024,6,34.5,27.4,30.5,37.6,78,25.9,77.8,20.6,2024-08-04T05:44:25,2024-08-04T19:09:46,6274,126.3
05-08-2024,0,32.2,28,30,37.6,66.4,26.1,80.1,18.9,2024-08-05T05:44:59,2024-08-05T19:09:00,6461,132.2
06-08-2024,1,33.7,27,30,37,73.6,26,80.1,17.5,2024-08-06T05:45:33,2024-08-06T19:08:13,6577,134.8
07-08-2024,2,30.8,26.9,28.1,34.5,94.2,26.8,92.6,11.8,2024-08-07T05:46:06,2024-08-07T19:07:24,6232,131.2
08-08-2024,3,32.9,26,28.5,34.7,90.4,26.6,89.8,20.6,2024-08-08T05:46:39,2024-08-08T19:06:35,6171,128.3
09-08-2024,4,33.9,27,29,36.5,89.2,26.9,89.1,18.9,2024-08-09T05:47:13,2024-08-09T19:05:45,6465,130.6
10-08-2024,5,31.5,27,28.9,36.5,74.8,27,90,21.6,2024-08-10T05:47:46,2024-08-10T19:04:53,5793,124.6
11-08-2024,6,29.3,25,27.3,31.6,95.3,26.3,94.3,16.1,2024-08-11T05:48:19,2024-08-11T19:04:01,5646,114.2
12-08-2024,0,29,26,27.5,32.7,89.4,26.7,95.2,21.1,2024-08-12T05:48:51,2024-08-12T19:03:08,5445,118.8
13-08-2024,1,32,26,28.7,36,87.1,27.1,91.2,19.6,2024-08-13T05:49:24,2024-08-13T19:02:13,5879,121.9
14-08-2024,2,34.8,27.9,30.6,40.2,69.9,27.4,83.8,18.6,2024-08-14T05:49:57,2024-08-14T19:01:18,6263,128.1
15-08-2024,3,33,27,29.9,40,87.6,28,90.2,19.6,2024-08-15T05:50:29,2024-08-15T19:00:22,5897,113
16-08-2024,4,34.3,27,30,38.8,82.2,27.3,86.1,18.1,2024-08-16T05:51:02,2024-08-16T18:59:25,6517,129.7
17-08-2024,5,34,28,30.2,38.9,80.7,27,83.8,15.9,2024-08-17T05:51:34,2024-08-17T18:58:27,6179,132.6
18-08-2024,6,33.6,28,30.7,39.8,64.7,27,81.2,14.6,2024-08-18T05:52:06,2024-08-18T18:57:28,6338,130.4
19-08-2024,0,34.5,28,30.9,39.7,67.1,26.7,79.2,14.6,2024-08-19T05:52:37,2024-08-19T18:56:28,6262,129
20-08-2024,1,32.2,25.4,28.6,34.1,82.2,26,86.5,14.8,2024-08-20T05:53:09,2024-08-20T18:55:28,5895,126.3
21-08-2024,2,35.5,27,30.4,37.4,68.5,25.7,77.2,20.4,2024-08-21T05:53:41,2024-08-21T18:54:27,6437,129.7
22-08-2024,3,35.8,28,31,38.7,58.9,26.1,76.2,19.6,2024-08-22T05:54:12,2024-08-22T18:53:25,6793,138.7
23-08-2024,4,31,27,28.3,34,75.2,25.9,87,21.9,2024-08-23T05:54:43,2024-08-23T18:52:22,6233,129.7
24-08-2024,5,34.6,26.9,30.3,38.8,63.3,26.8,82.2,19.8,2024-08-24T05:55:14,2024-08-24T18:51:19,6086,127.1
25-08-2024,6,33.8,26,30.4,37.6,62.2,26.1,79,20.1,2024-08-25T05:55:45,2024-08-25T18:50:15,6058,121.9
26-08-2024,0,34.3,28,29.9,37.6,69.3,26.4,82,20.6,2024-08-26T05:56:16,2024-08-26T18:49:10,5975,124.4
27-08-2024,1,32.4,25,28.5,33.7,86.1,25.8,86.1,18.9,2024-08-27T05:56:46,2024-08-27T18:48:05,6047,127.2
28-08-2024,2,33.2,25,28,32.7,87.7,25.8,88.5,19,2024-08-28T05:57:17,2024-08-28T18:46:59,6068,125.6
29-08-2024,3,29,25,27,30.9,90.8,26.2,95.6,10,2024-08-29T05:57:47,2024-08-29T18:45:53,5565,118.8
30-08-2024,4,34,25.8,29.4,35.1,44.3,25.9,82.8,18.6,2024-08-30T05:58:17,2024-08-30T18:44:46,6158,124.9
31-08-2024,5,35,27,30.8,39.6,47.6,26.8,80.1,22.9,2024-08-31T05:58:48,2024-08-31T18:43:38,6246,128.6
