Date,dayofweek,Month,Day,Year,tempmax,tempmin,temp,dew,humidity,solarenergy
2025-01-01,2,1,1,2025,15.462999999999983,9.415999999999986,11.546999999999999,8.996000000000006,84.71399999999998,13.047999999999995
2025-01-02,3,1,2,2025,14.90099999999999,9.182999999999991,11.426000000000002,8.915000000000004,87.29899999999996,13.041000000000004
2025-01-03,4,1,3,2025,14.339999999999996,8.995999999999992,11.334999999999997,9.251999999999999,89.03099999999989,13.053999999999997
2025-01-04,5,1,4,2025,13.983999999999996,8.778999999999991,11.277999999999999,9.198,87.2589999999999,13.029999999999996
2025-01-05,6,1,5,2025,15.39799999999999,8.718999999999989,11.611000000000006,8.905999999999995,85.58399999999992,13.155000000000006
2025-01-06,0,1,6,2025,14.829999999999993,8.694999999999997,11.288999999999994,9.011000000000001,88.16200000000013,13.016999999999994
2025-01-07,1,1,7,2025,14.763999999999994,8.674999999999995,11.204999999999995,9.091999999999999,88.6760000000001,13.017999999999995
2025-01-08,2,1,8,2025,14.195000000000002,8.295999999999998,10.609999999999998,8.534000000000006,87.94900000000001,13.094000000000001
2025-01-09,3,1,9,2025,13.783000000000005,8.321,10.556000000000008,8.496000000000004,87.02099999999993,13.240000000000009
2025-01-10,4,1,10,2025,14.462000000000007,7.857,10.474000000000014,8.340000000000005,86.7289999999999,13.250000000000005
2025-01-11,5,1,11,2025,16.76000000000001,6.748000000000003,10.728000000000014,8.29800000000001,84.73499999999993,12.70900000000001
2025-01-12,6,1,12,2025,17.15099999999999,6.372000000000003,10.862999999999998,8.169000000000013,84.90500000000002,13.165000000000013
2025-01-13,0,1,13,2025,17.372999999999987,5.808000000000001,10.597000000000001,8.22100000000001,85.47399999999998,13.140000000000004
2025-01-14,1,1,14,2025,17.42199999999999,5.723000000000001,10.429000000000006,8.063000000000011,85.34499999999993,13.411000000000007
2025-01-15,2,1,15,2025,17.586999999999993,5.657,10.362000000000005,7.317000000000012,83.34199999999991,13.897000000000013
2025-01-16,3,1,16,2025,17.68199999999999,5.9929999999999986,10.468000000000007,7.41900000000001,83.37399999999994,13.962
2025-01-17,4,1,17,2025,17.334999999999997,5.969999999999999,10.493000000000004,7.189000000000008,82.44700000000005,13.946000000000005
2025-01-18,5,1,18,2025,17.068999999999996,6.696000000000001,10.626000000000003,7.626000000000008,83.49300000000007,13.911000000000001
2025-01-19,6,1,19,2025,15.658999999999994,6.649,10.245999999999997,7.840000000000011,85.3960000000001,14.028000000000006
2025-01-20,0,1,20,2025,17.12099999999999,7.200000000000001,10.996999999999998,7.590000000000004,81.63999999999993,13.922000000000004
2025-01-21,1,1,21,2025,16.334999999999987,7.105,10.660999999999987,8.493000000000007,85.77799999999996,14.096000000000005
2025-01-22,2,1,22,2025,16.796999999999993,7.675000000000003,11.175999999999995,8.924000000000005,85.956,13.973000000000006
2025-01-23,3,1,23,2025,17.13699999999999,8.213000000000005,11.828000000000005,9.110000000000007,84.69,14.111000000000004
2025-01-24,4,1,24,2025,18.267999999999994,7.708000000000004,12.035000000000002,8.294000000000006,81.56700000000008,14.206999999999995
2025-01-25,5,1,25,2025,19.467999999999982,7.299000000000003,12.436999999999998,8.079000000000002,79.0110000000001,14.456999999999994
2025-01-26,6,1,26,2025,19.481999999999985,7.559999999999998,12.682999999999993,8.326000000000008,79.30000000000007,13.742999999999997
2025-01-27,0,1,27,2025,20.733999999999995,8.255000000000003,13.398999999999996,9.441000000000008,80.10300000000008,14.322999999999995
2025-01-28,1,1,28,2025,19.64099999999999,8.305000000000003,13.176000000000004,9.614000000000008,81.62200000000004,13.946999999999997
2025-01-29,2,1,29,2025,18.97,8.858000000000008,13.249999999999993,10.821000000000009,86.809,12.223000000000003
2025-01-30,3,1,30,2025,19.154999999999994,8.604000000000006,13.241999999999997,10.71400000000001,86.91600000000003,11.957000000000003
2025-01-31,4,1,31,2025,19.706999999999994,7.742000000000002,13.056999999999999,10.186000000000012,85.663,10.771
2025-02-01,5,2,1,2025,20.09000000000001,9.719000000000005,14.409000000000018,11.368000000000006,84.9250000000001,12.123
2025-02-02,6,2,2,2025,20.41200000000001,9.940000000000001,14.694000000000015,11.268000000000004,83.6970000000001,13.055000000000007
2025-02-03,0,2,3,2025,19.16,10.331999999999995,14.449000000000003,11.513000000000003,84.072,12.475000000000009
2025-02-04,1,2,4,2025,19.849,10.752999999999997,14.840999999999998,11.84,82.65699999999998,12.12400000000001
2025-02-05,2,2,5,2025,19.792,10.800999999999995,14.862,11.088,79.70499999999997,13.370000000000013
2025-02-06,3,2,6,2025,20.394999999999996,9.618,14.553999999999998,8.016999999999998,68.644,15.707000000000019
2025-02-07,4,2,7,2025,21.643000000000008,8.737,14.691999999999991,7.569000000000001,65.71700000000006,16.137000000000018
2025-02-08,5,2,8,2025,22.25000000000001,8.500999999999996,14.947999999999995,7.864000000000003,65.96600000000007,16.361000000000008
2025-02-09,6,2,9,2025,22.896000000000008,8.867999999999997,15.291000000000002,7.721000000000007,64.42100000000003,16.643
2025-02-10,0,2,10,2025,22.328000000000003,9.273,15.338000000000006,10.112999999999998,71.64100000000006,15.312000000000022
2025-02-11,1,2,11,2025,22.514000000000006,9.716000000000001,15.600000000000005,11.254000000000001,75.76100000000005,15.008000000000017
2025-02-12,2,2,12,2025,22.344000000000005,9.981000000000005,15.738,9.804999999999998,70.39500000000002,15.474000000000004
2025-02-13,3,2,13,2025,22.656999999999996,9.636000000000001,15.630000000000004,9.203999999999997,68.272,16.034
2025-02-14,4,2,14,2025,23.416,9.600999999999999,15.970000000000004,7.882,61.89499999999996,16.848000000000003
2025-02-15,5,2,15,2025,25.263,10.205000000000002,17.225,9.156999999999996,65.32499999999997,17.501999999999974
2025-02-16,6,2,16,2025,26.23699999999998,10.10900000000001,17.750000000000014,8.906000000000004,62.58999999999995,16.97899999999998
2025-02-17,0,2,17,2025,26.473000000000003,13.65400000000001,19.604999999999997,10.666000000000006,60.53700000000004,17.12100000000001
2025-02-18,1,2,18,2025,26.992000000000004,14.36400000000001,20.213,11.571000000000005,63.53500000000001,17.095000000000006
2025-02-19,2,2,19,2025,26.945000000000014,14.854000000000008,20.409,12.001000000000001,64.065,17.257
2025-02-20,3,2,20,2025,26.396000000000022,14.193,19.835999999999995,11.747000000000003,65.10499999999998,17.240000000000006
2025-02-21,4,2,21,2025,24.996000000000002,11.951999999999996,18.307000000000013,9.901000000000005,60.42000000000003,17.837000000000014
2025-02-22,5,2,22,2025,24.431999999999988,11.007999999999997,17.634000000000018,7.059999999999998,53.14900000000002,17.85900000000001
2025-02-23,6,2,23,2025,24.93399999999998,10.831999999999995,17.906000000000002,5.861999999999995,50.58000000000005,17.899000000000008
2025-02-24,0,2,24,2025,25.353999999999992,13.354999999999992,19.22899999999998,6.328,49.072000000000024,15.976999999999993
2025-02-25,1,2,25,2025,24.880999999999986,13.466999999999999,19.06099999999998,6.242999999999999,49.677000000000035,16.07799999999999
2025-02-26,2,2,26,2025,24.930999999999997,13.651999999999994,19.075999999999976,6.4860000000000015,49.65800000000003,15.377999999999984
2025-02-27,3,2,27,2025,24.728000000000005,13.045,18.634999999999984,6.355999999999999,49.584000000000024,15.877999999999988
2025-02-28,4,2,28,2025,24.400999999999996,11.510999999999997,17.895000000000003,6.132,49.544000000000025,16.271999999999984
2025-03-01,5,3,1,2025,24.588000000000033,16.389000000000006,20.315000000000033,13.059,63.95400000000002,14.477
2025-03-02,6,3,2,2025,24.608000000000015,15.952000000000009,19.919000000000032,12.607999999999999,64.29700000000005,13.570999999999987
2025-03-03,0,3,3,2025,23.733999999999984,13.470000000000004,18.430000000000028,11.208999999999989,60.09400000000003,15.076999999999993
2025-03-04,1,3,4,2025,23.629999999999985,13.268000000000004,18.28900000000003,10.04699999999999,59.068000000000005,15.675999999999988
2025-03-05,2,3,5,2025,23.254999999999978,11.69,17.460000000000026,6.704000000000001,52.36599999999998,18.146999999999988
2025-03-06,3,3,6,2025,24.38799999999999,11.527000000000001,18.142000000000028,7.03,52.241999999999955,18.863999999999997
2025-03-07,4,3,7,2025,25.572000000000006,11.967999999999996,18.98100000000003,7.717999999999989,51.74099999999993,19.735000000000017
2025-03-08,5,3,8,2025,26.294000000000025,13.087999999999992,19.80700000000003,8.534999999999991,51.90299999999995,19.80000000000002
2025-03-09,6,3,9,2025,26.782000000000018,13.009999999999998,19.93800000000001,8.649999999999995,51.64500000000002,18.962
2025-03-10,0,3,10,2025,25.99399999999998,12.458000000000002,19.307000000000013,8.758999999999997,52.32399999999998,19.13999999999999
2025-03-11,1,3,11,2025,27.773999999999983,13.744999999999997,20.750999999999998,9.418999999999997,52.66999999999998,19.03599999999999
2025-03-12,2,3,12,2025,29.68499999999999,15.147999999999994,22.24199999999999,10.584000000000001,53.69999999999998,19.056999999999984
2025-03-13,3,3,13,2025,29.719999999999995,15.676000000000005,22.677999999999997,10.983999999999998,53.15799999999999,20.097
2025-03-14,4,3,14,2025,29.10900000000001,15.432000000000011,22.456000000000014,10.301000000000004,51.14899999999998,21.128000000000025
2025-03-15,5,3,15,2025,28.729000000000006,14.791000000000002,21.910000000000004,8.681000000000004,47.653999999999975,21.483
2025-03-16,6,3,16,2025,29.08899999999999,14.585999999999986,21.737999999999985,8.471000000000009,47.09299999999999,20.867999999999984
2025-03-17,0,3,17,2025,29.758999999999972,14.640999999999993,22.250999999999994,9.750000000000007,49.853999999999985,21.468999999999983
2025-03-18,1,3,18,2025,29.65299999999996,14.406999999999996,22.203999999999994,10.114000000000015,50.48699999999997,22.182999999999964
2025-03-19,2,3,19,2025,30.344999999999963,14.935999999999986,22.817999999999994,10.518000000000011,50.01299999999998,22.398999999999965
2025-03-20,3,3,20,2025,31.78199999999999,15.978999999999983,23.776,11.451000000000008,51.51699999999997,22.050999999999974
2025-03-21,4,3,21,2025,32.162,17.41599999999999,24.502999999999997,12.174000000000003,52.87199999999997,22.16799999999999
2025-03-22,5,3,22,2025,32.304,18.494000000000003,25.263000000000005,14.121000000000002,54.567999999999955,22.05300000000002
2025-03-23,6,3,23,2025,30.505,18.65600000000001,24.98199999999998,13.790000000000004,52.901,20.026000000000028
2025-03-24,0,3,24,2025,31.845,17.892000000000017,24.86500000000002,14.526000000000005,56.93799999999994,20.83000000000001
2025-03-25,1,3,25,2025,32.277,17.89000000000001,25.03700000000003,14.436999999999998,56.01099999999991,20.776000000000003
2025-03-26,2,3,26,2025,34.346,19.843999999999998,27.05100000000003,14.179,48.775999999999996,20.439999999999987
2025-03-27,3,3,27,2025,35.766999999999996,21.928,28.896999999999988,14.37800000000002,44.175000000000054,21.256999999999994
2025-03-28,4,3,28,2025,35.667,21.876000000000005,28.956000000000014,15.31600000000002,46.340000000000025,20.64300000000001
2025-03-29,5,3,29,2025,34.964,22.0,28.795000000000012,16.089,48.48299999999999,21.3
2025-03-30,6,3,30,2025,34.483999999999995,22.866999999999997,28.904000000000014,14.605999999999986,45.597,22.674999999999983
2025-03-31,0,3,31,2025,34.132999999999996,20.896,27.52100000000002,14.855,50.61999999999999,21.201999999999988
2025-04-01,1,4,1,2025,31.778,19.209,25.727000000000018,12.208999999999996,52.74399999999992,19.626000000000037
2025-04-02,2,4,2,2025,32.86599999999999,19.482000000000014,26.500000000000018,10.319000000000011,41.38999999999996,21.712000000000025
2025-04-03,3,4,3,2025,35.18499999999997,20.892999999999983,28.50699999999999,10.065000000000012,37.17400000000001,22.763000000000005
2025-04-04,4,4,4,2025,35.494999999999976,21.68199999999998,29.030999999999985,10.124000000000015,34.819000000000045,22.107000000000014
2025-04-05,5,4,5,2025,35.19799999999999,21.601999999999997,28.951,9.878000000000009,33.72900000000002,21.308000000000025
2025-04-06,6,4,6,2025,34.778999999999996,21.162999999999997,28.69499999999997,10.848000000000003,38.48299999999997,22.316000000000017
2025-04-07,0,4,7,2025,35.28499999999997,20.185000000000013,28.47300000000001,9.557999999999998,35.83400000000003,23.96800000000001
2025-04-08,1,4,8,2025,35.572999999999965,19.96700000000002,28.54600000000002,9.444999999999995,34.819000000000045,24.342000000000002
2025-04-09,2,4,9,2025,36.04399999999999,19.946000000000023,28.798,7.718999999999994,29.623000000000005,25.234999999999967
2025-04-10,3,4,10,2025,36.84500000000001,20.700000000000017,29.47799999999998,8.41099999999999,29.982000000000014,25.01199999999998
2025-04-11,4,4,11,2025,38.018000000000036,22.37700000000002,30.41900000000002,10.035999999999992,31.72800000000003,24.191000000000003
2025-04-12,5,4,12,2025,38.33900000000005,24.106000000000037,29.98000000000004,10.431999999999992,33.35600000000001,23.886000000000017
2025-04-13,6,4,13,2025,35.12000000000005,24.262000000000025,28.40900000000004,13.709000000000009,44.623000000000026,20.87600000000001
2025-04-14,0,4,14,2025,35.161,23.055999999999987,29.12399999999999,14.273000000000009,44.88600000000006,20.161000000000023
2025-04-15,1,4,15,2025,35.232,23.888999999999992,29.605000000000008,13.808000000000009,42.99200000000003,21.158000000000026
2025-04-16,2,4,16,2025,35.599000000000004,23.496000000000002,29.76899999999999,9.079999999999986,30.891000000000012,24.882000000000012
2025-04-17,3,4,17,2025,37.082,22.973000000000003,30.41799999999999,8.945999999999986,28.679000000000027,24.30500000000001
2025-04-18,4,4,18,2025,37.84100000000001,24.423999999999996,31.450000000000003,9.774999999999986,28.62000000000002,23.913000000000014
2025-04-19,5,4,19,2025,37.58600000000003,25.792000000000016,31.695000000000018,12.217999999999993,32.56899999999998,24.300000000000004
2025-04-20,6,4,20,2025,35.618000000000016,24.89500000000001,30.44900000000001,12.56199999999999,35.66199999999997,23.939999999999973
2025-04-21,0,4,21,2025,35.852999999999994,23.40800000000002,29.44100000000001,12.689000000000005,38.972,23.708999999999993
2025-04-22,1,4,22,2025,36.288,23.269000000000027,29.545999999999996,12.350000000000001,38.812000000000005,24.720999999999975
2025-04-23,2,4,23,2025,36.257999999999996,22.828000000000028,29.316999999999975,11.209999999999997,35.951999999999984,25.048999999999978
2025-04-24,3,4,24,2025,37.241,22.635000000000023,30.026,10.435999999999993,32.97099999999997,25.465
2025-04-25,4,4,25,2025,38.845,22.871000000000024,31.28600000000004,10.988999999999992,33.18600000000001,25.771
2025-04-26,5,4,26,2025,38.525999999999996,23.498000000000033,31.206000000000028,10.995999999999999,32.99299999999999,25.271999999999988
2025-04-27,6,4,27,2025,36.426999999999964,23.972000000000016,30.30399999999999,11.521999999999998,34.696999999999974,23.724999999999987
2025-04-28,0,4,28,2025,36.45799999999997,23.01200000000001,29.68700000000001,11.995999999999999,38.312999999999995,23.655999999999985
2025-04-29,1,4,29,2025,36.617999999999974,23.101000000000013,29.843999999999998,12.559000000000001,40.28199999999999,23.451999999999988
2025-04-30,2,4,30,2025,34.93999999999998,22.741,28.846999999999994,14.187999999999999,47.50900000000001,20.645000000000017
2025-05-01,3,5,1,2025,33.39699999999999,21.298000000000012,27.88499999999998,7.373999999999996,36.14200000000001,24.157000000000004
2025-05-02,4,5,2,2025,36.232999999999976,21.297000000000004,29.58699999999998,6.754999999999996,26.549999999999976,26.31000000000003
2025-05-03,5,5,3,2025,38.174,22.564999999999994,31.062000000000015,8.069999999999997,28.24699999999999,25.518000000000026
2025-05-04,6,5,4,2025,38.795,24.287999999999997,31.88499999999998,9.98199999999999,29.351000000000028,24.980999999999995
2025-05-05,0,5,5,2025,38.27399999999997,24.709000000000007,32.060999999999964,11.326999999999988,32.060000000000024,25.705000000000005
2025-05-06,1,5,6,2025,40.20499999999999,25.428999999999984,33.58199999999995,12.85999999999998,31.27300000000001,26.643
2025-05-07,2,5,7,2025,38.998000000000005,26.09299999999999,33.01099999999996,15.229999999999988,37.39799999999996,26.624000000000024
2025-05-08,3,5,8,2025,37.818999999999996,27.064,32.55599999999997,17.66200000000001,43.84999999999995,26.556000000000004
2025-05-09,4,5,9,2025,37.72899999999998,27.505,32.36599999999998,18.283000000000005,45.01699999999998,26.49500000000002
2025-05-10,5,5,10,2025,38.08199999999997,27.021,32.271,17.800999999999988,44.158,26.118000000000016
2025-05-11,6,5,11,2025,38.839,26.474999999999994,32.617000000000004,16.37199999999998,39.723,25.772000000000006
2025-05-12,0,5,12,2025,39.672999999999995,26.961000000000002,33.496,14.265999999999995,34.62500000000001,26.968999999999998
2025-05-13,1,5,13,2025,40.14999999999998,26.320999999999998,33.81300000000001,13.257000000000003,32.195000000000014,27.351999999999993
2025-05-14,2,5,14,2025,40.27899999999996,25.589000000000013,33.85500000000001,11.122999999999998,28.923000000000023,27.598999999999997
2025-05-15,3,5,15,2025,41.084999999999994,25.961000000000016,34.361999999999995,11.75,28.163999999999998,27.49000000000001
2025-05-16,4,5,16,2025,42.047000000000004,26.812999999999988,35.23300000000002,13.365000000000009,29.75099999999998,27.202
2025-05-17,5,5,17,2025,43.145,27.27399999999997,36.24300000000003,13.207000000000017,29.06900000000001,27.389000000000028
2025-05-18,6,5,18,2025,42.982,27.435999999999982,36.169000000000025,13.408000000000005,29.08199999999998,27.213000000000008
2025-05-19,0,5,19,2025,43.299,29.209,36.88900000000001,14.070000000000002,28.76699999999997,27.278999999999986
2025-05-20,1,5,20,2025,43.00299999999999,29.869999999999973,36.80800000000005,15.700000000000005,32.237999999999964,27.30199999999998
2025-05-21,2,5,21,2025,41.967999999999975,30.508999999999986,35.93600000000003,19.549000000000003,40.924999999999976,27.164999999999992
2025-05-22,3,5,22,2025,41.43199999999996,30.944000000000003,35.83499999999998,20.26800000000001,42.63599999999999,27.179999999999982
2025-05-23,4,5,23,2025,41.30399999999999,30.45600000000002,35.844999999999985,19.16000000000002,40.490000000000016,27.110999999999972
2025-05-24,5,5,24,2025,41.84899999999999,30.131000000000004,36.25700000000001,17.79600000000002,36.41200000000004,27.178999999999974
2025-05-25,6,5,25,2025,42.922999999999995,29.44199999999998,36.95100000000003,16.279000000000018,32.56900000000003,27.36299999999998
2025-05-26,0,5,26,2025,42.96099999999999,29.352999999999994,36.78000000000003,14.482000000000001,32.330999999999996,27.282000000000007
2025-05-27,1,5,27,2025,43.417,29.05199999999999,37.027,13.765999999999998,30.851,27.01800000000002
2025-05-28,2,5,28,2025,44.076,29.162000000000013,37.34799999999997,13.63199999999999,31.396999999999988,27.181000000000008
2025-05-29,3,5,29,2025,43.618,29.653999999999996,37.08999999999996,13.861999999999988,33.39700000000001,26.59599999999999
2025-05-30,4,5,30,2025,43.59600000000001,30.29599999999997,37.16599999999997,13.847999999999987,32.836000000000034,26.209999999999972
2025-05-31,5,5,31,2025,42.96099999999999,29.76299999999998,36.61099999999998,14.630999999999993,36.85900000000004,26.15999999999997
2025-06-01,6,6,1,2025,37.41299999999998,25.97700000000001,31.937999999999974,12.620999999999999,39.073999999999984,25.816000000000013
2025-06-02,0,6,2,2025,40.77199999999999,28.310000000000027,34.57899999999996,13.15699999999999,31.042999999999974,26.119999999999983
2025-06-03,1,6,3,2025,42.255,29.374000000000024,35.680999999999955,14.426999999999994,30.43599999999999,26.170999999999964
2025-06-04,2,6,4,2025,43.05700000000001,29.878000000000007,36.36199999999999,15.327000000000014,30.89300000000002,25.69199999999999
2025-06-05,3,6,5,2025,41.97699999999996,28.252000000000006,35.397000000000034,15.364000000000006,31.95000000000001,26.508999999999993
2025-06-06,4,6,6,2025,41.65599999999997,28.36700000000001,35.18600000000001,15.246999999999998,33.875000000000036,26.85899999999999
2025-06-07,5,6,7,2025,41.35499999999998,29.12500000000002,35.42100000000003,14.55,30.979000000000045,27.177
2025-06-08,6,6,8,2025,41.297999999999995,29.274000000000044,35.61900000000002,14.224999999999996,30.08200000000003,27.46499999999999
2025-06-09,0,6,9,2025,43.166,29.373,36.614999999999974,13.718999999999989,29.969000000000023,27.515999999999977
2025-06-10,1,6,10,2025,43.617999999999995,29.515000000000004,36.934999999999945,13.403999999999982,29.02200000000003,27.74999999999997
2025-06-11,2,6,11,2025,43.87499999999999,29.84700000000004,37.33599999999998,12.685999999999984,26.010000000000026,27.95399999999997
2025-06-12,3,6,12,2025,43.44599999999997,29.78900000000002,36.97900000000001,12.885999999999997,25.44000000000001,27.591000000000005
2025-06-13,4,6,13,2025,44.210999999999984,31.544000000000025,37.96200000000005,14.165999999999999,26.702999999999996,26.37700000000003
2025-06-14,5,6,14,2025,44.367999999999995,32.21000000000001,38.02300000000005,15.48699999999999,28.27299999999999,25.980000000000032
2025-06-15,6,6,15,2025,44.66,32.16100000000001,38.39400000000001,15.376999999999986,27.961999999999986,27.109000000000034
2025-06-16,0,6,16,2025,43.77299999999998,32.18400000000003,38.116,14.556000000000001,29.516999999999985,26.458
2025-06-17,1,6,17,2025,42.777,32.09700000000004,37.419,18.007000000000016,36.55699999999999,26.047000000000015
2025-06-18,2,6,18,2025,42.31199999999999,32.09300000000003,37.193999999999996,18.50200000000002,38.65199999999997,26.05300000000001
2025-06-19,3,6,19,2025,41.17899999999998,31.141000000000012,35.94100000000001,18.92200000000002,42.189000000000014,26.210000000000004
2025-06-20,4,6,20,2025,39.07399999999998,28.81699999999999,33.490000000000016,20.70500000000001,49.95999999999997,26.202999999999978
2025-06-21,5,6,21,2025,38.570999999999984,28.26,32.88300000000002,22.212999999999997,55.94799999999994,26.000999999999994
2025-06-22,6,6,22,2025,38.340999999999966,28.615000000000006,33.02799999999999,23.219999999999995,61.354999999999954,24.171000000000003
2025-06-23,0,6,23,2025,38.50700000000003,29.375999999999987,33.41599999999998,23.878,60.10600000000002,24.709
2025-06-24,1,6,24,2025,38.56400000000005,29.33499999999997,33.546000000000014,24.99300000000001,63.27700000000008,23.798999999999996
2025-06-25,2,6,25,2025,37.99800000000001,29.24599999999997,33.377000000000024,25.505,66.32800000000005,21.173000000000002
2025-06-26,3,6,26,2025,36.60399999999997,29.044999999999995,32.698999999999984,25.402999999999984,69.35300000000001,16.899000000000004
2025-06-27,4,6,27,2025,34.82400000000002,27.168000000000003,30.938000000000002,26.082999999999974,77.14299999999992,10.377000000000002
2025-06-28,5,6,28,2025,34.242000000000004,26.704000000000022,30.211000000000034,26.56,82.87100000000002,11.493000000000004
2025-06-29,6,6,29,2025,35.660999999999966,27.93000000000001,31.379,26.770999999999976,79.92500000000013,17.105000000000015
2025-06-30,0,6,30,2025,36.73299999999999,28.212000000000003,32.19499999999998,25.693999999999996,73.34200000000001,18.84700000000001
2025-07-01,1,7,1,2025,34.36099999999998,27.448,30.832999999999974,26.52100000000003,79.16400000000006,18.595000000000013
2025-07-02,2,7,2,2025,33.715,26.454999999999995,29.927999999999987,26.686000000000014,82.45900000000002,16.727999999999998
2025-07-03,3,7,3,2025,33.16800000000002,26.24,29.48599999999998,26.804000000000002,87.10699999999996,16.675999999999995
2025-07-04,4,7,4,2025,32.64800000000003,26.737000000000002,29.345999999999957,26.869000000000007,87.36999999999995,18.587
2025-07-05,5,7,5,2025,33.636000000000024,27.341000000000008,29.78999999999998,26.566000000000017,84.34899999999992,18.717999999999993
2025-07-06,6,7,6,2025,33.92400000000001,27.358000000000025,29.766000000000012,25.664000000000033,79.0719999999999,14.927999999999995
2025-07-07,0,7,7,2025,32.97399999999998,27.269000000000016,29.916,25.636000000000013,82.38499999999995,17.890999999999984
2025-07-08,1,7,8,2025,32.428,27.07700000000002,29.37099999999999,26.555999999999976,85.21599999999998,17.067999999999994
2025-07-09,2,7,9,2025,33.044,27.53800000000003,29.73299999999998,27.248999999999977,86.09899999999999,17.11900000000001
2025-07-10,3,7,10,2025,35.609999999999985,27.723000000000024,31.05800000000001,27.27299999999997,85.16599999999998,19.33900000000002
2025-07-11,4,7,11,2025,37.01999999999996,27.96000000000002,32.11000000000001,27.096999999999976,78.29999999999991,22.42400000000001
2025-07-12,5,7,12,2025,35.71299999999998,27.550000000000015,31.16900000000002,26.624999999999996,76.74899999999992,22.86799999999999
2025-07-13,6,7,13,2025,35.20599999999998,27.315000000000005,30.725000000000026,25.925000000000026,77.07999999999991,18.60299999999998
2025-07-14,0,7,14,2025,34.211000000000006,26.475000000000005,31.01700000000003,26.804999999999996,78.66900000000004,23.283000000000005
2025-07-15,1,7,15,2025,34.917000000000016,27.323000000000008,31.566999999999997,27.266999999999992,77.65800000000004,22.48300000000002
2025-07-16,2,7,16,2025,35.941000000000024,28.999000000000013,32.06099999999998,27.597,77.43500000000007,22.693000000000005
2025-07-17,3,7,17,2025,36.088999999999984,28.777000000000015,32.031999999999975,27.766000000000005,78.10800000000009,23.86800000000001
2025-07-18,4,7,18,2025,35.52099999999997,27.29,31.382999999999996,27.851999999999993,82.45300000000002,21.07900000000001
2025-07-19,5,7,19,2025,35.344,27.489999999999995,31.484,27.50699999999999,79.569,18.784000000000013
2025-07-20,6,7,20,2025,36.02600000000002,28.435000000000013,32.10700000000001,27.563999999999997,76.86600000000003,14.355000000000002
2025-07-21,0,7,21,2025,35.59900000000004,28.123999999999977,31.45800000000003,27.50200000000002,81.70700000000008,19.32899999999999
2025-07-22,1,7,22,2025,35.05400000000001,28.202,31.21800000000003,27.843000000000032,83.26100000000005,20.35699999999997
2025-07-23,2,7,23,2025,32.964,27.351000000000003,29.995000000000005,27.788999999999998,84.84700000000001,21.42199999999998
2025-07-24,3,7,24,2025,34.135999999999974,26.86799999999999,30.562999999999985,27.670000000000005,84.89900000000002,22.469999999999995
2025-07-25,4,7,25,2025,34.268999999999984,27.444999999999983,31.016,27.913,84.94900000000001,22.758999999999983
2025-07-26,5,7,26,2025,34.27799999999999,27.846999999999994,31.062000000000033,27.953999999999994,83.41499999999996,20.47599999999997
2025-07-27,6,7,27,2025,35.300000000000004,28.408999999999995,31.67700000000003,27.633999999999997,78.44000000000003,18.989999999999974
2025-07-28,0,7,28,2025,35.96600000000001,28.689,32.07499999999999,27.40099999999999,77.37800000000007,22.44499999999998
2025-07-29,1,7,29,2025,35.73100000000001,28.658,31.95799999999999,27.260999999999985,74.83900000000013,21.40399999999998
2025-07-30,2,7,30,2025,36.76599999999999,28.04,32.373000000000026,27.32900000000001,74.92100000000003,19.338999999999984
2025-07-31,3,7,31,2025,36.449,26.993000000000006,31.913000000000043,27.330000000000023,77.29499999999996,16.883999999999975
2025-08-01,4,8,1,2025,32.595,26.409000000000002,29.327999999999992,26.439999999999987,84.80900000000011,15.755999999999995
2025-08-02,5,8,2,2025,33.692999999999984,27.55,30.101999999999997,26.58499999999997,82.37200000000004,20.429999999999975
2025-08-03,6,8,3,2025,34.24799999999998,27.66400000000002,30.37400000000001,26.070000000000007,78.73300000000005,19.695999999999966
2025-08-04,0,8,4,2025,33.69299999999998,27.35400000000001,30.328999999999983,26.296000000000003,82.99900000000004,18.221999999999987
2025-08-05,1,8,5,2025,34.001,27.170000000000012,30.372000000000007,26.317999999999998,83.68400000000007,17.109999999999985
2025-08-06,2,8,6,2025,32.399000000000015,26.874000000000024,29.14799999999999,26.502000000000002,85.84500000000011,15.583999999999987
2025-08-07,3,8,7,2025,32.20300000000002,26.65300000000001,28.894999999999982,26.57099999999999,88.17300000000009,16.33399999999998
2025-08-08,4,8,8,2025,32.959000000000024,26.539000000000005,29.015000000000004,26.658999999999963,88.13000000000004,18.57399999999997
2025-08-09,5,8,9,2025,32.71100000000002,26.945000000000014,29.228999999999996,26.516999999999975,84.00600000000003,19.960999999999974
2025-08-10,6,8,10,2025,33.66300000000001,27.211000000000013,29.902000000000008,26.21600000000001,81.17200000000001,18.87699999999997
2025-08-11,0,8,11,2025,31.543000000000003,26.466000000000005,28.733,26.664999999999974,90.52999999999999,20.235999999999972
2025-08-12,1,8,12,2025,32.047,26.426000000000002,29.006999999999984,26.878999999999973,90.56999999999998,19.609999999999967
2025-08-13,2,8,13,2025,33.398,27.15500000000002,29.821999999999974,27.167999999999992,88.68799999999997,19.173999999999968
2025-08-14,3,8,14,2025,34.29600000000002,27.571000000000026,30.42299999999999,27.547000000000008,87.18799999999997,19.42799999999997
2025-08-15,4,8,15,2025,33.881000000000014,27.247000000000003,30.200000000000014,27.533000000000012,87.33700000000005,19.05299999999997
2025-08-16,5,8,16,2025,34.063,27.039,30.235999999999986,27.051000000000013,83.96400000000001,19.32699999999997
2025-08-17,6,8,17,2025,33.92599999999998,27.464999999999996,30.427999999999983,26.957000000000004,81.83699999999997,16.518999999999977
2025-08-18,0,8,18,2025,34.00699999999999,27.433000000000007,30.470000000000027,26.749999999999986,82.28399999999992,16.49799999999998
2025-08-19,1,8,19,2025,33.50199999999997,26.959000000000024,29.947,26.36999999999999,83.07899999999997,15.68999999999998
2025-08-20,2,8,20,2025,34.422999999999995,26.996000000000024,30.233000000000008,26.347999999999992,82.54099999999998,17.368999999999986
2025-08-21,3,8,21,2025,34.98400000000001,27.370000000000008,30.54100000000001,26.224999999999973,79.67799999999991,19.508000000000003
2025-08-22,4,8,22,2025,34.61300000000003,27.623000000000005,30.501000000000012,26.11799999999997,79.12199999999991,19.94899999999999
2025-08-23,5,8,23,2025,33.039999999999985,27.03100000000002,29.626000000000026,26.601000000000003,81.95399999999994,20.221999999999984
2025-08-24,6,8,24,2025,33.884,26.721000000000018,30.224000000000036,26.396999999999988,80.30999999999996,19.070999999999977
2025-08-25,0,8,25,2025,34.37400000000002,27.647000000000006,30.32600000000002,26.447000000000024,83.22799999999995,19.767999999999976
2025-08-26,1,8,26,2025,33.78700000000001,27.203000000000007,29.800000000000015,26.385000000000026,84.66799999999999,19.500999999999976
2025-08-27,2,8,27,2025,33.21699999999999,26.151999999999997,29.051,26.20100000000001,85.58800000000001,19.421999999999993
2025-08-28,3,8,28,2025,33.154999999999966,25.769000000000002,28.825000000000003,26.054000000000006,88.26000000000002,17.546999999999997
2025-08-29,4,8,29,2025,31.33699999999999,25.672000000000004,28.25800000000001,26.274000000000004,89.43900000000012,14.763000000000003
2025-08-30,5,8,30,2025,34.43099999999998,26.963,30.396000000000022,26.589000000000013,82.89000000000011,19.16500000000001
2025-08-31,6,8,31,2025,34.078,26.489,30.11100000000001,26.54400000000001,81.48700000000007,19.338
2025-09-01,0,9,1,2025,35.63099999999998,27.669000000000004,31.606999999999992,24.853000000000012,74.06600000000006,18.271000000000004
2025-09-02,1,9,2,2025,35.815,27.603000000000012,31.666999999999994,24.873999999999995,74.08600000000007,17.889
2025-09-03,2,9,3,2025,35.60099999999999,27.349000000000014,31.372999999999998,24.85,74.97400000000005,17.065999999999995
2025-09-04,3,9,4,2025,35.833,27.477000000000007,31.201000000000022,25.006,76.43600000000005,19.456
2025-09-05,4,9,5,2025,35.99600000000002,27.632,31.28100000000002,25.223999999999982,76.51600000000006,19.304999999999996
2025-09-06,5,9,6,2025,35.72500000000002,27.686999999999998,31.06600000000002,24.680999999999997,72.75099999999999,20.54999999999999
2025-09-07,6,9,7,2025,35.77600000000003,27.693000000000005,30.89700000000003,24.589000000000027,72.60700000000003,18.925999999999988
2025-09-08,0,9,8,2025,34.44299999999999,26.683000000000007,29.993999999999982,25.237999999999992,80.85299999999998,19.820999999999987
2025-09-09,1,9,9,2025,33.583000000000006,26.298000000000012,29.342999999999982,25.899999999999974,83.991,17.661999999999985
2025-09-10,2,9,10,2025,33.98099999999999,26.778000000000002,29.875999999999998,26.113999999999983,83.88500000000003,17.91999999999998
2025-09-11,3,9,11,2025,34.488000000000014,26.916000000000004,30.234000000000016,26.220999999999975,84.50800000000002,19.82199999999998
2025-09-12,4,9,12,2025,34.51199999999999,26.846000000000007,30.302000000000017,26.464999999999986,85.42200000000003,19.20599999999998
2025-09-13,5,9,13,2025,33.95999999999998,26.336000000000002,29.63099999999999,26.46499999999999,83.679,20.11299999999998
2025-09-14,6,9,14,2025,33.75899999999999,26.311999999999998,29.542000000000012,26.36100000000001,81.695,17.761999999999986
2025-09-15,0,9,15,2025,33.22799999999999,25.60900000000001,29.102999999999998,26.344000000000005,82.95799999999996,18.81899999999998
2025-09-16,1,9,16,2025,33.303999999999995,25.603000000000005,29.114,26.276000000000014,82.60400000000001,18.195999999999984
2025-09-17,2,9,17,2025,34.28699999999999,26.303,30.096000000000018,26.504000000000023,80.70100000000004,18.296999999999972
2025-09-18,3,9,18,2025,34.386,26.344999999999995,29.840999999999998,26.416000000000007,81.21799999999996,17.78899999999998
2025-09-19,4,9,19,2025,34.447000000000024,26.439,30.006000000000014,26.221999999999994,80.937,17.27699999999999
2025-09-20,5,9,20,2025,34.15799999999999,26.135,29.629999999999995,26.203000000000017,81.06299999999999,18.149999999999984
2025-09-21,6,9,21,2025,34.25000000000001,26.253999999999998,29.596000000000025,26.00300000000001,79.19399999999993,17.179999999999993
2025-09-22,0,9,22,2025,34.151000000000025,26.328999999999997,29.851000000000028,25.708000000000013,78.15499999999994,18.571999999999978
2025-09-23,1,9,23,2025,33.26700000000002,25.941000000000003,29.184000000000015,25.62700000000003,80.26399999999995,19.06999999999998
2025-09-24,2,9,24,2025,34.35799999999999,25.564999999999994,29.662000000000024,25.422000000000015,79.77399999999996,18.888999999999996
2025-09-25,3,9,25,2025,34.54800000000001,25.31099999999999,29.51000000000001,25.588000000000015,80.88099999999997,19.42599999999999
2025-09-26,4,9,26,2025,34.14200000000001,24.828999999999986,29.16400000000002,25.605000000000004,82.995,19.179999999999993
2025-09-27,5,9,27,2025,34.06299999999998,24.564999999999987,28.90000000000001,25.819000000000003,80.62099999999998,19.87199999999998
2025-09-28,6,9,28,2025,33.838999999999984,24.619999999999987,28.780000000000022,24.97299999999999,77.88900000000004,19.293999999999983
2025-09-29,0,9,29,2025,34.17700000000001,24.826999999999988,29.277000000000015,24.921,81.2490000000001,17.279999999999994
2025-09-30,1,9,30,2025,34.66599999999999,25.363000000000003,29.728000000000012,24.929999999999996,81.04000000000009,16.87
2025-10-01,2,10,1,2025,34.036,21.232000000000006,27.58599999999998,15.684999999999993,51.816999999999936,20.496999999999975
2025-10-02,3,10,2,2025,34.07100000000002,21.201000000000008,27.570999999999973,15.850999999999999,52.789999999999935,20.187999999999978
2025-10-03,4,10,3,2025,34.005000000000024,21.20100000000001,27.580999999999968,15.918999999999999,53.13999999999993,20.06199999999998
2025-10-04,5,10,4,2025,34.30300000000002,21.805000000000017,28.126999999999967,17.77700000000002,56.320999999999955,19.666000000000007
2025-10-05,6,10,5,2025,34.60800000000003,22.283000000000012,28.350999999999967,18.71300000000001,57.532999999999966,19.402
2025-10-06,0,10,6,2025,33.68699999999999,22.46200000000001,27.920999999999985,17.653,56.47599999999998,18.85099999999999
2025-10-07,1,10,7,2025,34.47199999999998,23.488000000000014,28.852000000000007,18.793,57.199999999999974,18.777999999999995
2025-10-08,2,10,8,2025,34.922999999999995,23.989000000000004,29.13900000000001,18.820000000000004,56.602999999999994,19.06599999999999
2025-10-09,3,10,9,2025,34.80599999999999,23.890000000000008,29.02400000000002,18.7,56.467000000000056,18.780999999999985
2025-10-10,4,10,10,2025,33.606,23.186000000000003,28.148000000000007,18.33,56.04300000000001,18.653999999999993
2025-10-11,5,10,11,2025,34.82199999999999,22.650000000000013,28.432000000000013,18.27699999999999,56.44800000000002,18.64199999999999
2025-10-12,6,10,12,2025,34.661000000000016,22.683999999999997,28.262999999999987,18.006999999999998,56.894000000000005,18.273999999999983
2025-10-13,0,10,13,2025,32.68000000000001,22.211000000000002,27.28000000000002,17.480999999999995,57.49199999999999,17.602
2025-10-14,1,10,14,2025,33.993999999999986,22.615,28.053000000000015,17.63599999999999,57.78299999999997,18.01199999999999
2025-10-15,2,10,15,2025,33.788000000000004,21.993999999999986,27.57399999999999,17.093000000000004,59.467000000000006,17.497
2025-10-16,3,10,16,2025,31.390000000000015,21.25699999999999,26.193999999999996,16.828000000000007,60.69,16.536000000000012
2025-10-17,4,10,17,2025,27.96600000000001,20.05300000000001,23.82800000000002,16.630999999999993,65.72399999999998,17.336000000000002
2025-10-18,5,10,18,2025,27.802000000000017,19.744000000000007,23.581000000000028,15.714999999999996,64.43599999999998,17.495000000000008
2025-10-19,6,10,19,2025,30.12399999999999,18.69399999999999,24.36,14.892000000000001,59.843,17.45300000000002
2025-10-20,0,10,20,2025,30.775,18.787,24.684000000000005,15.209000000000001,60.646,16.46400000000001
2025-10-21,1,10,21,2025,31.057999999999996,18.699999999999985,24.741999999999997,14.850999999999992,59.99000000000003,17.11300000000002
2025-10-22,2,10,22,2025,30.65599999999997,18.44199999999998,24.47199999999999,14.692000000000005,58.88800000000001,17.440000000000023
2025-10-23,3,10,23,2025,30.631999999999977,18.158999999999978,24.158999999999995,14.53400000000001,58.15799999999999,17.396000000000022
2025-10-24,4,10,24,2025,30.67299999999999,17.912999999999975,24.058999999999987,14.392000000000007,57.49899999999998,17.308000000000014
2025-10-25,5,10,25,2025,30.816999999999997,17.761999999999983,24.037999999999997,13.992000000000008,56.58899999999994,16.83600000000001
2025-10-26,6,10,26,2025,30.971000000000004,17.769999999999985,24.08699999999999,13.382999999999992,54.44899999999996,16.413999999999987
2025-10-27,0,10,27,2025,30.848999999999997,18.000999999999987,24.21799999999999,14.244000000000002,56.95100000000004,16.496999999999986
2025-10-28,1,10,28,2025,31.092,17.918,24.278999999999986,14.468000000000004,57.75900000000002,16.069999999999983
2025-10-29,2,10,29,2025,31.42200000000001,18.207000000000004,24.469999999999967,14.305999999999997,57.69600000000002,16.11199999999999
2025-10-30,3,10,30,2025,31.469000000000005,18.360000000000003,24.524999999999974,14.597999999999995,58.52500000000005,16.048999999999992
2025-10-31,4,10,31,2025,31.445999999999994,18.53099999999999,24.493999999999996,15.224999999999998,60.69400000000003,15.994999999999996
2025-11-01,5,11,1,2025,29.95099999999997,18.437999999999988,23.541,17.229000000000003,71.65900000000002,15.65900000000001
2025-11-02,6,11,2,2025,29.632999999999967,18.50399999999999,23.362999999999996,17.161000000000005,71.30400000000002,15.612000000000009
2025-11-03,0,11,3,2025,30.61600000000002,16.789,23.172999999999973,15.88099999999999,67.36400000000005,15.484000000000007
2025-11-04,1,11,4,2025,30.651000000000025,16.97500000000001,23.28199999999998,15.797999999999993,66.46000000000004,15.73900000000001
2025-11-05,2,11,5,2025,29.96899999999999,17.945000000000004,23.414000000000005,15.632999999999997,65.85000000000004,15.595000000000006
2025-11-06,3,11,6,2025,29.835999999999995,18.02400000000001,23.425000000000004,16.00099999999999,68.87800000000004,15.402000000000008
2025-11-07,4,11,7,2025,29.61299999999998,18.256999999999998,23.311,16.29999999999999,68.89599999999997,15.174000000000003
2025-11-08,5,11,8,2025,29.547999999999984,18.372,23.426,15.957999999999995,68.217,15.157000000000004
2025-11-09,6,11,9,2025,29.43299999999998,18.454,23.402,15.745999999999995,67.70599999999999,15.176000000000004
2025-11-10,0,11,10,2025,30.096000000000025,16.551000000000005,22.83099999999998,15.547999999999988,68.67600000000003,13.995000000000015
2025-11-11,1,11,11,2025,29.500000000000032,16.457000000000008,22.526999999999994,14.520000000000003,69.94800000000008,13.805000000000012
2025-11-12,2,11,12,2025,26.895000000000014,14.837999999999997,20.338999999999988,13.682000000000011,70.43900000000012,13.832000000000015
2025-11-13,3,11,13,2025,26.505000000000013,14.438000000000004,19.922999999999984,13.878999999999992,72.61800000000012,14.037000000000013
2025-11-14,4,11,14,2025,26.756000000000032,14.678000000000011,20.23699999999999,13.954999999999998,71.7120000000001,13.737000000000014
2025-11-15,5,11,15,2025,26.91000000000002,14.484000000000014,20.120999999999977,13.942999999999998,70.60100000000011,14.240000000000007
2025-11-16,6,11,16,2025,26.940000000000023,14.373000000000008,20.04499999999997,13.956999999999994,71.11200000000012,14.108000000000006
2025-11-17,0,11,17,2025,26.565000000000026,14.164000000000009,19.736999999999988,13.64000000000001,71.33200000000005,14.184000000000015
2025-11-18,1,11,18,2025,26.243000000000006,14.060000000000004,19.540999999999986,13.281000000000004,70.15400000000001,13.855999999999996
2025-11-19,2,11,19,2025,25.939999999999994,13.669000000000004,19.127999999999975,12.868000000000006,69.44000000000003,14.091
2025-11-20,3,11,20,2025,25.695999999999994,13.339,18.87499999999998,13.004000000000003,70.22100000000002,14.112000000000002
2025-11-21,4,11,21,2025,25.736000000000004,13.146,18.796999999999976,13.260000000000002,69.82300000000005,13.943
2025-11-22,5,11,22,2025,25.84599999999999,13.017000000000005,18.882999999999985,12.333000000000002,67.693,13.007000000000003
2025-11-23,6,11,23,2025,26.071999999999992,12.403000000000004,18.918999999999993,11.889000000000003,66.78399999999998,12.363000000000007
2025-11-24,0,11,24,2025,25.757999999999996,12.578,18.698999999999984,11.790000000000006,68.46899999999991,13.620000000000003
2025-11-25,1,11,25,2025,25.699999999999985,12.703000000000005,18.714999999999993,11.936000000000002,68.612,12.519000000000005
2025-11-26,2,11,26,2025,25.59799999999999,12.669000000000004,18.577999999999996,11.903000000000002,68.343,12.515000000000008
2025-11-27,3,11,27,2025,25.682999999999996,12.597000000000007,18.571999999999992,12.444999999999999,69.99500000000003,11.968000000000007
2025-11-28,4,11,28,2025,25.425,13.117000000000003,18.609999999999992,13.690999999999999,75.536,11.166000000000002
2025-11-29,5,11,29,2025,25.09299999999999,13.995999999999999,18.875999999999987,14.548999999999994,78.85599999999998,10.55
2025-11-30,6,11,30,2025,24.958999999999996,14.206000000000003,18.995999999999977,14.738999999999985,79.24799999999999,10.478000000000002
2025-12-01,0,12,1,2025,24.204999999999995,14.320999999999993,18.82900000000002,13.918000000000001,74.59599999999989,11.380000000000004
2025-12-02,1,12,2,2025,24.095999999999993,13.990999999999994,18.56500000000002,13.452,74.61099999999992,11.762
2025-12-03,2,12,3,2025,24.348999999999993,13.812000000000003,18.564000000000025,12.302000000000003,72.142,11.949000000000002
2025-12-04,3,12,4,2025,24.37499999999999,13.376999999999994,18.411000000000012,12.341,72.86899999999996,12.016000000000002
2025-12-05,4,12,5,2025,24.48599999999999,12.036999999999992,17.640000000000008,12.476000000000004,73.43699999999997,12.309999999999995
2025-12-06,5,12,6,2025,24.615999999999996,11.179999999999996,17.172000000000015,12.225000000000009,73.87600000000003,12.588999999999997
2025-12-07,6,12,7,2025,24.65699999999999,11.244999999999997,17.23600000000001,12.142000000000007,73.75100000000006,12.631999999999996
2025-12-08,0,12,8,2025,23.88500000000001,10.963,16.64600000000001,9.46999999999999,67.74599999999998,12.411
2025-12-09,1,12,9,2025,23.796,10.657,16.491000000000007,9.353999999999997,68.11099999999996,12.587000000000005
2025-12-10,2,12,10,2025,23.967000000000002,10.409999999999995,16.494000000000007,9.46,68.11000000000001,12.652000000000008
2025-12-11,3,12,11,2025,23.631,9.648000000000003,16.068000000000005,9.316999999999998,67.75100000000002,12.553000000000004
2025-12-12,4,12,12,2025,24.353999999999996,10.140999999999993,16.657000000000004,9.212,67.59899999999998,12.499000000000006
2025-12-13,5,12,13,2025,24.500999999999998,10.011999999999995,16.722999999999995,9.618000000000002,67.775,12.522000000000007
2025-12-14,6,12,14,2025,24.30099999999999,9.605000000000002,16.493,8.406999999999995,64.97300000000001,12.415
2025-12-15,0,12,15,2025,22.888999999999992,9.212,15.484999999999992,8.144999999999996,65.98699999999997,12.550000000000006
2025-12-16,1,12,16,2025,22.869999999999976,9.001,15.35299999999999,7.923999999999998,65.22199999999997,12.551000000000009
2025-12-17,2,12,17,2025,22.84199999999997,8.833999999999998,15.300999999999988,7.831999999999999,64.89599999999999,12.596000000000013
2025-12-18,3,12,18,2025,22.26299999999999,8.349,14.741999999999988,7.896999999999997,66.34099999999997,12.496000000000013
2025-12-19,4,12,19,2025,22.009,8.448,14.540999999999986,8.1,67.75399999999996,12.50600000000001
2025-12-20,5,12,20,2025,22.199999999999992,9.582999999999997,15.103999999999978,9.486000000000004,72.53700000000002,12.289000000000001
2025-12-21,6,12,21,2025,19.974999999999994,8.885999999999997,13.731999999999982,9.932000000000006,75.20800000000007,12.248000000000006
2025-12-22,0,12,22,2025,21.784000000000002,9.120000000000001,14.465999999999985,9.750000000000002,76.50399999999999,12.292000000000005
2025-12-23,1,12,23,2025,21.875999999999994,8.902999999999997,14.321999999999981,9.916000000000007,76.07500000000003,12.23
2025-12-24,2,12,24,2025,21.403000000000002,8.996999999999996,14.015999999999984,10.434000000000005,79.66900000000003,12.178999999999997
2025-12-25,3,12,25,2025,21.545,9.133,13.965999999999978,10.823999999999995,84.995,12.269999999999989
2025-12-26,4,12,26,2025,21.369000000000007,8.899999999999999,13.794999999999982,11.105999999999996,86.20599999999999,12.225999999999992
2025-12-27,5,12,27,2025,19.833999999999993,9.92499999999999,13.522999999999985,11.251999999999995,88.35199999999998,12.42999999999999
2025-12-28,6,12,28,2025,17.90199999999999,9.170999999999994,12.578999999999986,10.928999999999997,88.34600000000005,12.55699999999999
2025-12-29,0,12,29,2025,19.053999999999984,9.714999999999996,12.905999999999983,10.589999999999998,84.84500000000001,12.32099999999999
2025-12-30,1,12,30,2025,19.19899999999999,10.060999999999996,13.253999999999985,10.651000000000003,84.07600000000002,11.986999999999991
2025-12-31,2,12,31,2025,19.152,10.60999999999999,13.72599999999999,10.730000000000004,85.025,12.346999999999994
